# Blender 4.3.2
# www.blender.org
mtllib dust2_collision.mtl
o poles
v 35.899998 -1.968372 -42.436520
v 35.899998 4.487789 -42.436520
v 35.899998 -1.968372 -42.636356
v 35.899998 4.487789 -42.636356
v 36.099834 -1.968372 -42.436520
v 36.099834 4.487789 -42.436520
v 36.099834 -1.968372 -42.636356
v 36.099834 4.487789 -42.636356
v 44.876389 -1.962378 -42.437302
v 44.876389 4.422604 -42.437302
v 44.876389 -1.962378 -42.635574
v 44.876389 4.422604 -42.635574
v 45.074661 -1.962378 -42.437302
v 45.074661 4.422604 -42.437302
v 45.074661 -1.962378 -42.635574
v 45.074661 4.422604 -42.635574
v 29.753515 1.146290 -42.436440
v 29.753515 4.487790 -42.436440
v 29.753515 1.146290 -42.636436
v 29.753515 4.487790 -42.636436
v 29.953516 1.146290 -42.436440
v 29.953516 4.487790 -42.436440
v 29.953516 1.146290 -42.636436
v 29.953516 4.487790 -42.636436
v 17.655920 1.120582 -36.192543
v 17.655920 4.487790 -36.192543
v 17.655920 1.120582 -36.392540
v 17.655920 4.487790 -36.392540
v 17.855921 1.120582 -36.192543
v 17.855921 4.487790 -36.192543
v 17.855921 1.120582 -36.392540
v 17.855921 4.487790 -36.392540
v -30.241327 3.219483 17.070637
v -30.241327 1.851174 17.070637
v -30.241327 3.219483 17.270638
v -30.241327 1.851174 17.270638
v -30.441328 3.219483 17.070637
v -30.441328 1.851174 17.070637
v -30.441328 3.219483 17.270638
v -30.441328 1.851174 17.270638
v -38.929127 1.941619 17.270638
v -38.929127 3.219483 17.270638
v -38.929127 1.941619 17.070637
v -38.929127 3.219483 17.070637
v -38.729126 1.941619 17.270638
v -38.729126 3.219483 17.270638
v -38.729126 1.941619 17.070637
v -38.729126 3.219483 17.070637
v -38.729126 3.219484 29.168127
v -38.729126 1.851174 29.168127
v -38.729126 3.219484 29.368128
v -38.729126 1.851174 29.368128
v -38.929127 3.219484 29.168127
v -38.929127 1.851174 29.168127
v -38.929127 3.219484 29.368128
v -38.929127 1.851174 29.368128
v 15.509619 -2.051172 7.807214
v 15.509619 2.536377 7.807215
v 15.509619 -2.051172 7.607214
v 15.509619 2.536377 7.607215
v 15.709620 -2.051172 7.807214
v 15.709620 2.536377 7.807215
v 15.709620 -2.051172 7.607214
v 15.709620 2.536377 7.607215
vn -1.0000 -0.0000 -0.0000
vn -0.0000 -0.0000 -1.0000
vn 1.0000 -0.0000 -0.0000
vn -0.0000 -0.0000 1.0000
vn -0.0000 1.0000 -0.0000
vn -0.0000 -1.0000 -0.0000
s 0
usemtl metal
f 1//1 2//1 4//1 3//1
f 3//2 4//2 8//2 7//2
f 7//3 8//3 6//3 5//3
f 5//4 6//4 2//4 1//4
f 8//5 4//5 2//5 6//5
f 9//1 10//1 12//1 11//1
f 11//2 12//2 16//2 15//2
f 15//3 16//3 14//3 13//3
f 13//4 14//4 10//4 9//4
f 16//5 12//5 10//5 14//5
f 17//1 18//1 20//1 19//1
f 19//2 20//2 24//2 23//2
f 23//3 24//3 22//3 21//3
f 21//4 22//4 18//4 17//4
f 19//6 23//6 21//6 17//6
f 24//5 20//5 18//5 22//5
f 25//1 26//1 28//1 27//1
f 27//2 28//2 32//2 31//2
f 31//3 32//3 30//3 29//3
f 29//4 30//4 26//4 25//4
f 32//5 28//5 26//5 30//5
f 36//4 35//4 39//4 40//4
f 34//3 33//3 35//3 36//3
f 38//2 37//2 33//2 34//2
f 40//1 39//1 37//1 38//1
f 33//5 37//5 39//5 35//5
f 41//1 42//1 44//1 43//1
f 43//2 44//2 48//2 47//2
f 47//3 48//3 46//3 45//3
f 45//4 46//4 42//4 41//4
f 48//5 44//5 42//5 46//5
f 49//5 53//5 55//5 51//5
f 52//4 51//4 55//4 56//4
f 50//3 49//3 51//3 52//3
f 54//2 53//2 49//2 50//2
f 56//1 55//1 53//1 54//1
f 57//1 58//1 60//1 59//1
f 59//2 60//2 64//2 63//2
f 63//3 64//3 62//3 61//3
f 61//4 62//4 58//4 57//4
f 64//5 60//5 58//5 62//5
o sky
v -50.341309 -9.446644 51.306091
v -50.341309 25.674938 51.306087
v 51.511963 -10.536382 -61.072998
v 51.511963 24.585201 -61.072998
v -1.924296 25.674938 51.306087
v -1.924296 -9.446644 51.306091
v 51.511963 -10.536376 9.119339
v 51.511963 24.585205 9.119336
v -50.341309 -9.446644 -12.682860
v -50.341309 25.674938 -12.682863
v -57.755859 -9.446644 -42.350586
v -57.755859 25.674938 -42.350590
v -57.755859 -9.446644 -78.243896
v -57.755859 25.674938 -78.243896
v -35.902344 -9.446644 -78.243896
v -35.902344 25.674938 -78.243896
v -25.259277 -9.446644 -66.536377
v -25.259277 25.674938 -66.536377
v -20.292480 -9.446644 -64.195068
v -20.292480 25.674938 -64.195068
v -7.755859 -9.446644 -64.195068
v -7.755859 25.674938 -64.195068
v 4.682861 -9.446644 -61.072998
v 4.682861 25.674940 -61.073002
v 51.511963 24.585201 -61.072998
v 4.682861 25.674940 -61.073002
v 4.682861 6.634032 -61.072998
v 51.511963 6.634028 -61.072998
vn -0.8988 -0.0000 -0.4383
vn -0.9010 -0.0000 -0.4339
vn -0.3296 -0.0000 -0.9441
vn -0.3263 -0.0000 -0.9453
vn 0.7071 -0.0000 -0.7071
vn -1.0000 -0.0000 -0.0000
vn 0.9925 -0.0000 -0.1221
vn 0.7071 -0.0000 0.7071
vn -0.4046 -0.0000 0.9145
vn -0.5946 -0.0000 0.8040
vn -0.2185 -0.0000 0.9758
vn -0.1226 -0.0000 0.9925
vn -0.2434 -0.0000 0.9699
vn -0.0000 -0.0000 1.0000
s 1
usemtl metal_nobeams
f 72//7 71//8 70//9 69//10
f 69//10 70//9 65//11 66//11
f 68//12 67//12 71//8 72//7
f 66//11 65//11 73//13 74//13
f 74//13 73//13 75//13 76//13
f 76//13 75//13 77//14 78//14
f 78//14 77//14 79//15 80//15
f 80//15 79//15 81//16 82//16
f 82//16 81//16 83//17 84//17
f 84//17 83//17 85//18 86//18
f 86//18 85//18 87//19 88//19
f 91//20 92//20 89//20 90//20
o objects
v 12.682861 -2.341313 -47.804688
v 12.634033 -2.341313 -47.609619
v 12.536377 -2.341313 -47.609619
v 12.634033 -3.609622 -47.609619
v 12.536377 -3.609622 -47.609619
v 12.487793 -2.341313 -47.804688
v 12.682861 -3.609622 -47.804688
v 12.487793 -3.609622 -47.804688
v 36.097412 -3.121825 10.292480
v 36.097412 -4.390136 10.292480
v 35.902344 -4.390136 10.438965
v 35.902344 -3.121825 10.438965
v 35.902344 -3.121825 10.243896
v 36.097412 -4.390136 10.390137
v 36.097412 -3.121825 10.390137
v 35.902344 -4.390136 10.243896
v -43.609619 0.926757 -14.243896
v -43.792480 0.926757 -14.243896
v -43.658447 0.926757 -14.438965
v -43.743896 0.926757 -14.438965
v -43.609619 2.195066 -14.243896
v -43.792480 2.195067 -14.243896
v -43.658447 2.195067 -14.438965
v -43.743896 2.195067 -14.438965
v -21.414551 2.195067 -12.390137
v -21.560791 2.195067 -12.243896
v -21.658447 2.195067 -12.414551
v -21.585205 2.195067 -12.487793
v -21.585205 0.926757 -12.487793
v -21.658447 0.926757 -12.414551
v -21.560791 0.926757 -12.243896
v -21.414551 0.926757 -12.390137
v 17.365723 0.780273 1.316895
v 17.365723 0.780273 1.414551
v 17.170654 0.780273 1.268066
v 17.170654 0.780273 1.463379
v 17.365723 0.780273 1.414551
v 17.365723 -0.487793 1.414551
v 17.365723 -0.487793 1.316895
v 17.170654 -0.487793 1.268066
v 17.170654 0.780273 1.268066
v 17.170654 0.780273 1.463379
v 17.170654 -0.487793 1.463379
v 17.365723 0.780273 1.316895
v 17.365723 -0.487793 1.316895
v 17.170654 -0.487793 1.268066
v -18.048584 -2.975588 -23.609619
v -18.243896 -2.975588 -23.609619
v -18.097412 -2.975588 -23.414551
v -18.195068 -2.975588 -23.414551
v -18.048584 -1.707277 -23.609619
v -18.243896 -1.707277 -23.609619
v -18.097412 -1.707277 -23.414551
v -18.195068 -1.707277 -23.414551
vn 0.7414 0.6449 0.1856
vn -0.7413 0.6452 0.1846
vn -0.4966 0.5913 0.6354
vn 0.4962 0.5914 0.6357
vn -0.4966 -0.5913 0.6354
vn 0.4962 -0.5914 0.6357
vn 0.7414 -0.6449 0.1856
vn -0.7413 -0.6452 0.1846
vn 0.6357 0.5914 0.4962
vn 0.6354 0.5913 -0.4966
vn 0.1846 0.6452 -0.7413
vn 0.1856 0.6449 0.7414
vn 0.6357 -0.5914 0.4962
vn 0.6354 -0.5913 -0.4966
vn 0.1846 -0.6452 -0.7413
vn 0.1856 -0.6449 0.7414
vn -0.0000 -1.0000 -0.0000
vn -0.0000 1.0000 -0.0000
vn -0.9704 -0.0000 -0.2417
vn -0.0000 -0.0000 1.0000
vn 0.9701 -0.0000 -0.2428
vn -0.0000 -0.0000 -1.0000
vn -0.7071 -0.0000 -0.7071
vn -0.8679 -0.0000 0.4967
vn 0.4967 -0.0000 -0.8679
vn 0.7071 -0.0000 0.7071
vn 1.0000 -0.0000 -0.0000
vn 0.7869 -0.0000 -0.6171
vn 0.8290 0.5593 -0.0000
vn 0.1911 0.6171 0.7633
vn 0.2428 -0.0000 0.9701
vn 0.6782 -0.2690 0.6839
vn 0.2428 -0.0000 -0.9701
vn -0.0000 -0.8290 0.5593
vn -0.5987 -0.7869 0.1499
vn -0.2817 -0.8281 -0.4847
vn -0.9701 -0.0000 0.2428
vn 0.9701 -0.0000 0.2428
s 1
usemtl metal
f 93//21 98//22 95//23 94//24
f 94//24 95//23 97//25 96//26
f 99//27 93//21 94//24 96//26
f 97//25 95//23 98//22 100//28
f 99//27 96//26 97//25 100//28
f 107//29 101//30 105//31 104//32
f 101//30 107//29 106//33 102//34
f 108//35 105//31 101//30 102//34
f 106//33 107//29 104//32 103//36
f 102//34 106//33 103//36 108//35
s 0
f 109//37 110//37 112//37 111//37
f 113//38 115//38 116//38 114//38
f 110//39 114//39 116//39 112//39
f 109//40 113//40 114//40 110//40
f 111//41 115//41 113//41 109//41
f 112//42 116//42 115//42 111//42
f 122//43 119//43 120//43 121//43
f 124//37 123//37 122//37 121//37
f 123//44 118//44 119//44 122//44
f 121//45 120//45 117//45 124//45
f 124//46 117//46 118//46 123//46
f 117//38 120//38 119//38 118//38
s 1
f 126//38 125//38 127//38 128//38
f 136//47 129//47 130//48 131//49
f 130//50 129//51 134//51 135//52
f 132//53 133//53 136//53 137//53
f 131//54 130//55 135//56 138//37
s 0
f 139//37 141//37 142//37 140//37
f 143//38 144//38 146//38 145//38
f 142//57 146//57 144//57 140//57
f 140//42 144//42 143//42 139//42
f 139//58 143//58 145//58 141//58
f 141//40 145//40 146//40 142//40
o steps
v 35.511963 1.158443 -54.438965
v 29.186295 1.158443 -54.438965
v 48.780273 0.000000 2.146240
v 48.000000 -0.000000 -1.755859
v 48.780273 -0.000000 -1.755859
v 47.609619 0.000000 1.755859
v 47.609619 -0.000000 -1.365723
v 48.780273 -0.390137 2.392792
v 48.780273 -0.390137 -2.002410
v 48.000000 -0.390137 -2.002410
v 47.384796 -0.390137 -1.365723
v 48.000000 -0.390137 2.392792
v 48.000000 0.000000 2.146240
v 47.384796 -0.390137 1.755859
v 41.365528 -1.950779 -9.560791
v 41.365528 -1.950779 -6.438965
v 44.487793 -0.390137 -6.438965
v 44.487793 -0.390138 -9.560791
v 3.121826 -1.560793 -25.170654
v 2.731689 -1.560793 -24.390137
v -0.780273 -1.560793 -24.780273
v -0.780273 -1.560793 -25.170654
v -0.999753 -1.951174 -25.170654
v -0.999753 -1.951174 -24.780273
v 3.341305 -1.951174 -25.170654
v 3.121826 -1.560793 -24.780273
v 3.341305 -1.951174 -24.780273
v -0.390137 -1.560793 -24.390137
v -0.390137 -1.951174 -24.174768
v 2.731689 -1.951174 -24.174768
v 8.585205 -1.560790 18.926758
v 8.975586 -1.560790 15.024170
v 9.365723 -1.560790 15.414551
v 9.365723 -1.560790 18.536377
v 9.522084 -1.951171 18.536377
v 9.522084 -1.951171 15.414551
v 8.585205 -1.951171 19.092930
v 8.975586 -1.951171 19.092930
v 8.585205 -1.951171 14.857998
v 8.585205 -1.560790 15.024170
v 8.975586 -1.951171 14.857998
v 8.975586 -1.560790 18.926758
v -46.829197 -1.950980 -29.853516
v -45.268066 -1.170655 -29.853516
v -42.146240 -1.170655 -29.853516
v -40.585110 -1.950980 -29.853516
v -40.585110 -1.950980 -30.634325
v -41.365429 -1.950980 -31.414648
v -46.048878 -1.950980 -31.414648
v -46.829197 -1.950980 -30.633837
v -20.292480 -4.682862 -17.365723
v -23.414551 -4.682862 -17.365723
v -20.682861 -3.121827 -13.463379
v -23.414551 -3.121827 -14.621826
v -24.975586 -1.560792 -11.121826
v -24.975586 -1.560792 -14.243896
v -21.463379 -2.731690 -12.292480
v -23.414551 -2.731690 -14.243896
v -23.792480 -1.951173 -11.121826
v -24.182861 -1.951173 -14.243896
v -22.634033 -2.341310 -11.511963
v -23.792480 -2.341310 -14.243896
v -22.634033 -2.341310 -11.512207
v -20.292480 -3.902345 -15.804688
v -23.414551 -3.902345 -15.804688
v -20.292480 -3.511964 -14.621826
v -23.414551 -3.511964 -15.011963
v -25.755859 -1.170655 -14.243896
v -25.755859 -1.170655 -11.121826
v 12.877930 -1.560791 2.146240
v 8.975586 -1.560791 2.536377
v 8.975586 -1.560791 2.146240
v 12.487793 -1.560791 2.926758
v 9.365723 -1.951172 3.209992
v 12.487793 -1.951172 3.209992
v 9.365723 -1.560791 2.926758
v 8.686874 -1.951172 2.146240
v 8.686874 -1.951172 2.536377
v 13.166641 -1.951172 2.146240
v 12.877930 -1.560791 2.536377
v -29.658447 -1.170654 1.365723
v -45.268066 -1.170654 1.365723
v -45.268066 -1.170654 -3.316895
v -29.658447 -1.170654 -3.316895
v -39.024170 -1.170654 1.365723
v -32.780273 -1.170654 1.365723
v -32.780273 -1.951172 1.365723
v -38.243896 -1.170654 0.585205
v -33.560791 -1.170654 0.585205
v -39.024170 -1.951172 1.365723
v -45.268066 -1.951172 1.365723
v -29.658447 -1.951172 1.365723
v -43.707275 -1.170658 -45.463379
v -40.585205 -1.170658 -45.463379
v -43.707275 -1.985819 -43.832546
v -40.585205 -1.985819 -43.832546
v -43.707275 -1.985819 -45.463379
v 10.926758 -2.049226 -24.974411
v 14.438965 -2.049226 -24.974411
v 10.926758 0.390135 -29.853516
v 14.438965 0.390135 -29.853516
v 14.438965 -2.049226 -29.853516
v 44.487793 -1.950779 -4.988768
v 44.487793 -1.950779 -9.560791
v -7.804688 -4.682863 -22.048584
v -7.804688 -4.682862 -18.926758
v -7.249506 -5.073000 -22.048584
v -7.249506 -5.072999 -18.926758
v -7.804688 -5.073000 -22.547256
v -7.804688 -5.072999 -18.428085
v 28.097412 0.390133 -53.268066
v 29.186295 0.372473 -52.816792
v 35.511963 0.372473 -52.816792
v 13.166641 -1.951172 2.536377
vn -0.0000 0.8999 0.4360
vn -0.0492 0.8988 0.4355
vn -0.0716 0.8976 0.4349
vn -0.0000 1.0000 -0.0000
vn -0.8664 0.4993 -0.0000
vn -0.0000 0.5342 0.8453
vn -0.0000 0.5342 -0.8453
vn -0.6571 0.3927 -0.6435
vn -0.6572 0.3926 0.6433
vn -0.8717 0.4901 -0.0000
vn 0.8717 0.4901 -0.0000
vn -0.0000 0.4831 0.8756
vn 0.6566 0.3664 0.6593
vn -0.6566 0.3664 0.6593
vn 0.9283 0.3718 -0.0000
vn -0.0000 0.3917 0.9201
vn -0.0000 0.3917 -0.9201
vn 0.6825 0.2803 0.6750
vn 0.6825 0.2803 -0.6750
vn -0.1610 0.9127 -0.3757
vn -0.3758 0.9126 -0.1609
vn -0.1251 0.9221 -0.3661
vn 0.1686 0.9067 -0.3866
vn 0.0666 0.9159 -0.3958
vn 0.0649 0.9165 -0.3947
vn 0.1605 0.9058 -0.3922
vn 0.2871 0.9138 -0.2871
vn 0.3441 0.9107 -0.2285
vn 0.2872 0.9138 -0.2871
vn 0.4077 0.9130 -0.0115
vn 0.3958 0.9159 -0.0666
vn 0.3947 0.9165 -0.0649
vn 0.0115 0.9130 -0.4077
vn -0.0000 0.8944 -0.4472
vn 0.4472 0.8944 -0.0000
vn 0.4244 0.8985 -0.1123
vn -0.0000 0.8944 0.4472
vn -0.8040 0.5946 -0.0000
vn -0.0000 0.5872 0.8094
vn 0.6264 0.4599 0.6293
vn 0.8040 0.5946 -0.0000
vn 0.7072 -0.0000 0.7070
vn -0.0000 -0.0000 1.0000
vn -0.7071 -0.0000 0.7071
vn -0.0000 0.7071 0.7071
vn 0.3757 0.9127 -0.1609
vn 0.1609 0.9127 -0.3757
vn 0.1251 0.9221 -0.3661
vn 0.4471 0.8945 -0.0000
vn -0.4471 0.8945 -0.0000
vn -0.0000 0.8945 0.4471
vn -1.0000 -0.0000 -0.0000
vn 1.0000 -0.0000 -0.0000
vn -0.0000 -0.0000 -1.0000
vn -0.3221 0.6444 0.6935
vn 0.5750 0.8182 -0.0000
vn 0.4842 0.6891 0.5391
vn 0.4842 0.6891 -0.5391
vn -0.1639 0.8878 0.4301
vn -0.6264 0.4599 0.6293
s 1
usemtl rock
f 259//59 147//59 148//60 258//61
f 159//62 150//62 153//62 152//62
f 152//63 153//63 157//63 160//63
f 154//64 149//64 159//64 158//64
f 150//65 151//65 155//65 156//65
f 157//66 153//66 150//66 156//66
f 158//67 159//67 152//67 160//67
f 172//62 165//62 168//62 167//62
f 167//68 168//68 169//68 170//68
f 171//69 165//69 172//69 173//69
f 166//70 174//70 175//70 176//70
f 173//71 172//71 166//71 176//71
f 175//72 174//72 167//72 170//72
f 188//62 178//62 186//62 177//62
f 179//73 180//73 181//73 182//73
f 188//74 177//74 183//74 184//74
f 185//75 186//75 178//75 187//75
f 181//76 180//76 188//76 184//76
f 187//77 178//77 179//77 182//77
f 195//78 196//79 190//80
f 199//81 212//82 213//83 200//84
f 204//85 208//86 209//86 203//87
f 201//88 205//89 206//90 202//88
f 211//91 210//91 197//92 198//92
f 200//84 204//85 203//87 199//81
f 202//88 214//93 215//93 201//88
f 207//94 208//94 206//90 205//89
s 0
f 244//95 245//95 247//95 246//95
s 1
f 226//62 216//62 218//62 217//62
f 217//96 218//96 223//96 224//96
f 219//97 222//97 220//97 221//97
f 226//98 219//98 221//98 260//98
f 216//99 226//99 260//99 225//99
f 219//62 226//62 217//62 222//62
s 0
f 235//62 232//62 230//62
f 230//62 229//62 234//62
f 227//62 230//62 232//62
f 235//62 230//62 234//62
f 229//62 228//62 231//62
f 229//62 231//62 234//62
f 234//100 231//100 236//100
f 227//101 232//101 233//101 238//101
f 231//101 228//101 237//101 236//101
f 232//102 235//102 233//102
f 236//103 233//103 235//103 234//103
s 1
f 213//83 212//82 210//91 211//91
f 193//104 194//105 191//106
f 192//107 193//104 191//106
f 194//105 195//78 190//80 191//106
f 196//79 189//108 190//80
s 0
f 239//109 241//109 242//109 240//109
f 239//110 243//110 241//110
f 248//111 247//111 245//111
s 1
f 162//108 163//108 164//108 161//108
f 161//112 164//112 250//112
f 162//113 249//113 163//113
s 0
f 251//114 252//114 254//114 253//114
f 252//115 256//115 254//115
f 251//116 253//116 255//116
s 1
f 258//61 148//60 257//117
f 222//118 217//118 224//118 220//118
f 166//62 172//62 167//62 174//62
f 149//62 151//62 150//62 159//62
f 180//62 179//62 178//62 188//62
o boxs_out
v -41.463379 1.853511 -65.658447
v -44.390137 1.853511 -62.731689
v -41.463379 -1.170659 -65.658447
v -44.390137 -1.170659 -62.731689
v -44.390137 1.853511 -65.658447
v -41.463379 1.853511 -62.731689
v -41.463379 -1.170659 -62.731689
v -42.926758 0.134272 -65.658447
v -41.463379 -1.170659 -65.755859
v -44.390137 -1.170659 -65.755859
v -42.926758 0.134272 -65.755859
v -44.390137 -1.170659 -65.658447
vn -1.0000 -0.0000 -0.0000
vn 1.0000 -0.0000 -0.0000
vn -0.0000 -1.0000 -0.0000
vn -0.0000 -0.0000 -1.0000
vn -0.0000 -0.0000 1.0000
vn -0.6655 -0.7464 -0.0000
vn 0.6655 -0.7464 -0.0000
s 1
usemtl metal
f 267//119 266//119 261//119 263//119
f 272//120 265//120 262//120 264//120
f 261//121 266//121 262//121 265//121
f 264//122 262//122 266//122 267//122
f 268//123 263//123 261//123
f 261//123 265//123 268//123
f 265//123 272//123 268//123
s 0
f 269//124 263//124 268//124 271//124
f 271//125 268//125 272//125 270//125
o boxs_in
v -44.487793 -1.170659 -62.634033
v -44.487793 1.951167 -62.634033
v -41.365723 -1.170659 -62.634033
v -41.365723 1.951167 -62.634033
v -44.487793 -1.170659 -65.755859
v -44.487793 1.951167 -65.755859
v -41.365723 -1.170659 -65.755859
v -41.365723 1.951167 -65.755859
v -41.463379 -1.170659 -65.755859
v -44.390137 -1.170659 -65.755859
v -42.926758 0.134272 -65.755859
vn -0.0000 -0.0000 1.0000
vn -0.0000 -0.0000 -1.0000
vn -0.0000 1.0000 -0.0000
vn -1.0000 -0.0000 -0.0000
s 0
usemtl metal
f 273//126 275//126 276//126 274//126
f 280//127 283//127 278//127
f 276//128 280//128 278//128 274//128
f 274//129 278//129 277//129 273//129
f 277//127 283//127 282//127
f 278//127 283//127 277//127
f 283//127 279//127 281//127
f 279//127 283//127 280//127
o boxs_wood
v 17.170654 0.390135 -20.487793
v 14.829102 -1.951174 -20.487793
v 14.829102 0.390135 -20.487793
v 14.829102 0.390135 -22.829102
v 14.829102 -1.951174 -22.829102
v 17.170654 0.390135 -22.829102
v 17.170654 -1.951174 -22.829102
v 28.097412 2.731690 11.121826
v 28.097412 2.731690 9.170654
v 32.780273 2.731690 11.121826
v 46.829102 1.170653 -9.560791
v 48.780273 1.170653 -11.121826
v 31.675053 2.731684 -61.078430
v 29.644915 2.731684 -61.073875
v 29.649586 2.731684 -59.566227
v 31.182861 1.170650 -59.170654
v 29.649586 1.170650 -59.566227
v 31.675053 1.170649 -61.078430
v 31.182861 2.731684 -59.170654
v 46.048584 1.365721 -29.853516
v 46.048584 1.365721 -32.195068
v 48.390137 1.365721 -29.853516
v 46.048584 -0.975588 -29.853516
v 46.048584 -0.975588 -32.195068
v 48.390137 1.365721 -32.195068
v 48.390137 -0.975588 -32.195068
v 46.829102 -0.390138 -9.560791
v 46.829102 1.170653 -11.121826
v 46.829102 -0.390138 -11.121826
v 48.780273 -0.390138 -9.560791
v 48.780273 1.170653 -9.560791
v 15.609619 3.511960 -34.146240
v 17.170654 3.511960 -35.707275
v 15.609619 3.511960 -35.707275
v 17.170654 3.511960 -34.146240
v 15.609619 0.390134 -35.707275
v 15.609619 0.390134 -34.146240
v 17.170654 0.390134 -34.146240
v 17.170654 0.390134 -35.707275
v 28.097412 1.170655 10.731689
v 46.048584 4.292480 6.048584
v 48.390137 4.292480 6.048584
v 23.414551 1.170653 -12.682861
v 26.536377 1.170653 -15.804688
v 31.219482 -1.951171 7.609619
v 31.219482 1.170655 7.609619
v 31.219482 1.170655 10.731689
v 31.219482 -1.951171 10.731689
v 28.097412 -1.951171 7.609619
v 28.097412 1.170655 7.609619
v 46.048584 4.292480 3.707275
v 48.390137 4.292480 3.707275
v 46.048584 -0.390137 6.048584
v 46.048584 -0.390137 3.707275
v 48.390137 -0.390137 3.707275
v 26.536377 -1.951173 -15.804688
v 23.414551 -1.951173 -15.804688
v 23.414551 -1.951173 -12.682861
v 23.414551 1.170653 -15.804688
v 26.536377 1.170653 -12.682861
v 26.536377 -1.951173 -12.682861
v 28.097412 -1.951171 9.170654
v 32.780273 -1.951171 9.170654
v 32.780273 2.731690 9.170654
v 4.682861 1.170652 -23.609619
v 4.682861 1.170652 -25.170654
v 6.243896 1.170652 -25.170654
v 6.243896 1.170652 -23.609619
v 4.682861 -1.951174 -25.170654
v 4.682861 -1.951174 -23.609619
v 6.243896 -1.951174 -25.170654
v 6.243896 -1.951174 -23.609619
v 15.609619 2.731691 23.219482
v 14.048584 2.731691 21.658447
v 15.609619 -1.951170 23.219482
v 14.048584 -1.951170 24.780273
v 12.487793 2.731691 23.219482
v 14.048584 2.731691 24.780273
v 12.487793 -1.951170 23.219482
v 14.048584 -1.951170 21.658447
v -7.804688 1.170655 10.731689
v -9.365723 1.170655 9.170654
v -9.365723 1.170655 10.731689
v -7.804688 1.170655 9.170654
v -7.804688 -1.951171 9.170654
v -7.804688 -1.951171 10.731689
v -9.365723 -1.951171 9.170654
v 21.072998 0.390137 -0.585205
v 21.072998 0.390137 -2.926758
v 23.414551 0.390137 -0.585205
v 23.414551 0.390137 -2.926758
v 23.414551 -1.951172 -2.926758
v 21.072998 -1.951172 -2.926758
v 21.072998 -1.951172 -0.585205
v 23.414551 -1.951172 -0.585205
v -20.292480 4.292482 26.341309
v -20.292480 4.292482 24.780273
v -18.731689 4.292482 26.341309
v -21.853516 4.292482 29.463379
v -18.731689 4.292482 29.463379
v -18.731689 1.170656 29.463379
v -20.292480 2.731691 26.341309
v -20.292480 2.731691 24.780273
v -18.731689 4.292482 24.780273
v -18.731689 2.731691 24.780273
v -21.853516 1.170656 29.463379
v -20.292480 1.170656 26.341309
v -20.292480 1.170656 24.780273
v -18.731689 1.382082 24.780273
v -21.853516 4.292482 26.341309
v -21.853516 1.170656 26.341309
v -18.731689 1.170656 26.341309
v -3.902344 -2.731690 -19.707275
v -3.902344 -2.731691 -22.048584
v -1.560791 -2.731690 -19.707275
v -1.560791 -2.731691 -22.048584
v -3.902344 -5.072999 -19.707275
v -3.902344 -5.072999 -22.048584
v -1.560791 -5.072999 -19.707275
v -1.560791 -5.072999 -22.048584
v 42.146240 -5.072998 7.609620
v 43.707275 -5.072998 7.609620
v 35.902344 -5.072997 13.853516
v 42.146240 -3.511962 8.780273
v 43.707275 -3.511962 10.341309
v 42.146240 -6.634033 7.609620
v 43.707275 -6.634033 7.609620
v 43.707275 -6.634032 10.731690
v 42.146240 -6.634032 10.731690
v 37.463379 -6.634032 10.731690
v 37.463379 -5.072997 10.731689
v 37.463379 -5.072997 13.853516
v 37.463379 -6.634032 13.853517
v 35.902344 -6.634032 10.731690
v 35.902344 -5.072997 10.731689
v 42.146240 -5.072997 10.341309
v 42.146240 -3.511962 10.341309
v 42.146240 -5.072998 8.780273
v 43.707275 -5.072997 10.341309
v 43.707275 -3.511962 8.780273
v 43.707275 -5.072998 8.780273
v 43.707275 -5.072997 10.731689
v 42.146240 -5.072997 10.731689
v -45.268066 1.951167 -61.853516
v -46.829102 1.951167 -61.853516
v -46.829102 1.951167 -63.414551
v -34.341309 1.170652 -28.682861
v -35.316895 1.170652 -27.707275
v -34.341309 1.170652 -26.731689
v -40.585205 1.170652 -29.853516
v -39.024170 1.170652 -31.414551
v -39.024170 1.170652 -29.853516
v -29.268066 0.780269 -50.926758
v -28.097412 0.780269 -49.755859
v -28.097412 0.780269 -50.926758
v -44.877930 1.170650 -56.390137
v -30.438965 0.390138 12.292480
v -30.438965 0.390138 16.975586
v -38.634033 2.731690 20.487793
v -37.072998 2.731691 22.048584
v -35.511963 4.292481 20.487793
v -40.585205 0.390134 -43.121826
v -40.585205 0.390134 -45.463379
v -45.268066 0.390133 -47.414551
v -45.268066 0.390134 -45.853516
v -46.829102 0.390134 -45.853516
v -46.829102 0.390133 -47.414551
v -23.414551 -0.780276 -37.268066
v -44.487793 1.170649 -63.414551
v -46.829102 1.170649 -63.414551
v -41.365723 1.170650 -60.292480
v -41.365723 1.170649 -62.634033
v -44.487793 3.511958 -65.365723
v -42.926758 3.511958 -65.365723
v -42.926758 3.511958 -63.804688
v -42.926758 3.511958 -63.414551
v -44.487793 -1.170659 -65.755859
v -23.410889 -1.952396 -38.438965
v -20.438965 -0.499759 -38.438965
v -21.186523 -2.693851 -38.438965
v -22.658447 0.255856 -38.438965
v -23.410889 -1.952396 -36.097412
v -22.658447 0.255856 -36.097412
v -20.438965 -0.500003 -38.438965
v -20.438965 -0.500003 -36.097412
v -21.186523 -2.693851 -36.097412
v -45.268066 -1.170659 -63.414551
v -45.268066 1.951167 -63.414551
v -46.829102 -1.170659 -63.414551
v -33.365723 1.170652 -27.707275
v -40.585205 1.170652 -31.414551
v -29.268066 -0.390141 -49.755859
v -29.268066 0.780269 -49.755859
v -29.268066 -0.390141 -50.926758
v -28.097412 -0.390141 -49.755859
v -23.414551 -1.951175 -36.097412
v -44.877930 1.170650 -55.219482
v -46.048584 1.170650 -55.219482
v -46.048584 1.170650 -56.390137
v -44.877930 -1.170658 -56.390137
v -44.877930 -1.170658 -55.219482
v -46.048584 -1.170658 -55.219482
v -46.048584 -1.170658 -56.390137
v -33.365723 -1.951174 -27.707275
v -34.341309 -1.951174 -26.731689
v -32.780273 0.390138 12.292480
v -32.780273 -1.951171 12.292480
v -30.438965 -1.951171 12.292480
v -32.780273 -1.951171 16.975586
v -32.780273 0.390138 16.975586
v -40.585205 -1.951174 -29.853516
v -40.585205 -1.951174 -31.414551
v -39.024170 -1.951174 -31.414551
v -39.024170 -1.951174 -29.853516
v -40.585205 -1.951175 -43.121826
v -40.585205 -1.951175 -45.463379
v -38.243896 -1.951175 -45.463379
v -38.243896 0.390134 -45.463379
v -38.243896 0.390134 -43.121826
v -38.243896 -1.951175 -43.121826
v -46.829102 -1.170658 -45.853516
v -45.268066 -1.170658 -47.414551
v -45.268066 -1.170658 -45.853516
v -46.829102 -1.170658 -47.414551
v -24.585205 -1.951175 -36.097412
v -24.585205 -0.780276 -36.097412
v -24.585205 -0.780276 -37.268066
v -24.585205 -1.951175 -37.268066
v -23.414551 -1.951175 -37.268066
v -23.414551 -0.780276 -36.097412
v -46.829102 -1.170659 -65.755859
v -45.268066 -1.170659 -61.853516
v -46.829102 -1.170659 -61.853516
v -44.487793 -1.170659 -63.414551
v -46.829102 -1.170659 -63.414551
v -46.829102 1.170649 -65.755859
v -44.487793 1.170649 -65.755859
v -43.707275 -1.170659 -60.292480
v -43.707275 1.170650 -60.292480
v -43.707275 1.170649 -62.634033
v -43.707275 -1.170659 -62.634033
v -41.365723 -1.170659 -60.292480
v -42.926758 1.951167 -63.804688
v -44.487793 1.951167 -63.804688
v -44.487793 3.511958 -63.804688
v -44.487793 1.951167 -65.365723
v -42.926758 1.951167 -65.365723
v -42.926758 1.951167 -63.414551
v -42.926758 3.511958 -64.975586
v -42.926758 1.951167 -64.975586
v -41.365723 1.951167 -63.414551
v -41.365723 3.511958 -63.414551
v -41.365723 3.511958 -64.975586
v -41.365723 1.951167 -64.975586
v -35.316895 -1.951174 -27.707275
v -34.341309 -1.951174 -28.682861
v -45.268066 1.170654 -1.755859
v -38.634033 1.170655 17.365723
v -38.634033 1.170656 22.048584
v -38.634033 2.731691 22.048584
v -38.634033 1.170656 20.487793
v -37.072998 1.170656 20.487793
v -37.072998 2.731690 20.487793
v -37.072998 1.170656 22.048584
v -38.634033 4.292481 20.487793
v -38.634033 4.292481 17.365723
v -35.511963 1.170655 17.365723
v -35.511963 4.292481 17.365723
v -35.511963 1.170656 20.487793
v -45.268066 -1.170654 0.585205
v -42.926758 -1.170654 -1.755859
v -42.926758 1.170654 -1.755859
v -42.926758 1.170654 0.585205
v -42.926758 -1.170654 0.585205
v -45.268066 1.170654 0.585205
v 17.951172 -2.536380 -44.682861
v 20.292480 -1.951175 -42.341309
v 20.292480 -1.951175 -44.682861
v 26.536377 -0.390138 -14.243896
v 28.097412 -1.951173 -14.243896
v 28.097412 -0.390138 -14.243896
v 20.292480 -4.877934 -42.341309
v 20.292480 -2.536380 -42.341309
v 17.951172 -2.536380 -42.341309
v 17.951172 -4.877934 -42.341309
v 20.292480 -2.536380 -44.682861
v 20.292480 -4.292483 -42.341309
v 20.292480 -4.292483 -44.682861
v 22.634033 -4.292483 -44.682861
v 22.634033 -1.951175 -44.682861
v 22.634033 -1.951175 -42.341309
v 22.634033 -4.292483 -42.341309
v 28.097412 -1.951173 -15.804688
v 26.536377 -1.951173 -14.243896
v 26.536377 -1.951173 -15.804688
v 28.097412 -0.390138 -15.804688
v 5.463379 -2.731692 -43.902344
v 3.902344 -2.731692 -42.341309
v 5.463379 -5.073001 -40.780273
v 7.024170 -5.073001 -42.341309
v 5.463379 -2.731692 -40.780273
v 5.463379 -5.073001 -43.902344
v 7.024170 -2.731692 -42.341309
v 3.902344 -5.073001 -42.341309
v 18.731689 -2.536380 -44.682861
v 18.731689 -0.975589 -43.121826
v 18.731689 -2.536380 -43.121826
v 20.292480 -2.536380 -44.682861
v 20.292480 -0.975589 -43.121826
v 20.292480 -0.975589 -44.682861
v 18.731689 -0.975589 -44.682861
v -6.243896 -1.951171 15.414551
v -6.243896 -0.390136 15.414551
v -7.804688 -1.951171 15.414551
v -7.804688 -0.390136 15.414551
v -6.243896 -0.390136 18.536377
v -6.243896 -1.951171 18.536377
v -7.804688 -0.390136 18.536377
v -7.804688 -1.951171 18.536377
v -6.243896 1.170655 17.365723
v -7.804688 1.170655 17.365723
v -7.804688 1.170655 15.804688
v -6.243896 -0.390136 15.804688
v -6.243896 1.170655 15.804688
v -6.243896 -0.390136 17.365723
v -7.804688 -0.390136 17.365723
v -7.804688 -0.390136 15.804688
v -41.463379 -1.073003 -65.658447
v -41.463379 -1.073003 -62.731689
v -44.390137 -1.073003 -62.731689
v -44.390137 -1.170659 -65.658447
v -44.390137 -1.073003 -65.658447
v -41.463379 -1.170659 -65.658447
v -28.097412 -1.170655 -15.804688
v -28.097412 0.390136 -15.804688
v -28.097412 0.390136 -17.365723
v -28.097412 -1.170655 -17.365723
v -26.536377 0.390136 -15.804688
v -26.536377 0.390136 -17.365723
v -26.536377 -1.170655 -17.365723
v -26.536377 0.780272 -15.804688
v -26.536377 0.780272 -17.365723
v -24.975586 -1.170655 -17.365723
v -24.975586 0.780272 -17.365723
v -24.975586 0.780272 -15.804688
v -24.975586 -1.170655 -15.804688
v -21.853516 -4.682862 -22.048584
v -21.853516 -4.682863 -23.609619
v -21.853516 -3.121828 -22.048584
v -21.853516 -3.121828 -23.609619
v -24.975586 -3.121827 -22.048584
v -24.975586 -3.121828 -23.609619
v -24.975586 -4.682862 -22.048584
v -24.195068 0.780270 -46.634033
v -26.536377 0.780270 -46.634033
v -24.195068 -1.560795 -50.222511
v -24.195068 -1.560795 -46.634033
v -26.536377 -1.560795 -46.634033
v -26.536377 0.780269 -50.222511
v -24.195068 0.780269 -50.222511
v 30.341309 0.390137 4.755859
v 28.097412 -1.951172 5.365723
v 28.097412 0.390137 5.365723
v 30.341309 -1.951172 4.755859
v 31.109324 -1.951171 7.612387
v 31.109324 0.390138 7.612387
v 28.097412 0.390138 7.609619
v 28.097412 -1.951171 7.609619
v 26.536377 -0.390138 -15.804688
v 20.292480 -2.536380 -43.121826
v 1.560791 -5.073001 -40.000000
v 1.560791 -2.731692 -40.000000
v 1.560791 -5.073001 -42.341309
v -0.780273 -5.073001 -42.341309
v -0.780273 -2.731692 -42.341309
v -0.780273 -2.731692 -40.000000
v -0.780273 -5.073001 -40.000000
v 1.560791 -2.731692 -42.341309
v -23.024170 -0.390141 -50.222511
v -24.195068 -0.390141 -50.222511
v -24.195068 -1.560795 -46.634033
v -23.024170 -1.560795 -50.222511
v -23.024170 -0.390141 -46.634033
v -23.024170 -1.560795 -46.634033
v -24.195068 -0.390141 -46.634033
v -24.195068 0.786038 -48.944828
v -24.195070 0.781166 -50.146072
v -24.195068 1.182857 -48.841309
v -24.195068 1.476070 -49.965820
v -26.536377 0.786039 -48.944824
v -26.536379 0.781167 -50.146069
v -26.536377 1.182859 -48.841305
v -26.536377 1.476072 -49.965816
v -44.097412 3.121821 -63.804688
v -42.926758 3.121821 -62.634033
v -44.097412 1.951167 -62.634033
v -44.097412 3.121821 -62.634033
v -44.097412 1.951167 -63.804688
v -42.926758 1.951167 -63.804688
v -42.926758 3.121821 -63.804688
v -42.926758 1.951167 -62.634033
v -45.268066 2.731684 -65.755859
v -45.268066 2.731684 -64.195068
v -46.829102 1.170649 -65.755859
v -45.268066 1.170649 -65.755859
v -45.268066 1.170649 -64.195068
v -46.829102 2.731684 -64.195068
v -46.829102 1.170649 -64.195068
v -46.829102 2.731684 -65.755859
v -41.875000 -1.171005 -65.750000
v -0.780273 -1.170660 -42.341309
v 0.780273 -1.170660 -42.341309
v -0.780273 -2.731692 -42.341309
v -0.780273 -2.731692 -40.780273
v -0.780273 -1.170660 -40.780273
v 0.780273 -2.731692 -42.341309
v 0.780273 -1.170660 -40.780273
v 0.780273 -2.731692 -40.780273
v -17.170654 -2.341312 -19.707275
v -14.829102 -2.341312 -19.707275
v -17.170654 -4.682862 -17.365723
v -17.170654 -2.341311 -17.365723
v -17.170654 -4.682862 -19.707275
v -14.829102 -4.682862 -19.707275
v -14.829102 -2.341311 -17.365723
v -14.829102 -4.682862 -17.365723
v -45.268066 -1.170656 -20.487793
v -45.268066 1.951168 -20.487793
v -45.268066 1.951170 -17.365723
v -45.268066 -1.170655 -17.365723
v -48.390137 1.951170 -17.365723
v -48.390137 -1.170655 -17.365723
v -48.390137 1.951168 -20.487793
vn -0.0000 1.0000 -0.0000
vn -1.0000 -0.0000 -0.0000
vn -0.0000 -0.0000 -1.0000
vn -0.0000 0.7071 -0.7071
vn -0.0000 0.7071 0.7071
vn -0.7071 0.7071 -0.0000
vn -0.5774 0.5774 0.5774
vn 0.6847 0.7071 0.1766
vn -0.6857 0.7061 -0.1769
vn -0.7033 0.5774 0.4147
vn 0.4148 0.5774 0.7033
vn -0.0000 -0.0000 1.0000
vn 0.5774 0.5774 0.5774
vn 0.5080 -0.0000 0.8613
vn -0.8621 -0.0000 0.5068
vn 0.9683 -0.0000 0.2498
vn -0.5774 0.5774 -0.5774
vn 0.7071 0.7071 -0.0000
vn 0.5774 0.5774 -0.5774
vn 1.0000 -0.0000 -0.0000
vn 0.7071 -0.0000 -0.7071
vn -0.7071 -0.0000 0.7071
vn -0.7072 -0.0000 -0.7071
vn 0.8973 0.4413 -0.0000
vn -0.3603 0.7327 -0.5774
vn -0.4413 0.8973 -0.0000
vn 0.5824 0.5672 0.5824
vn 0.5824 0.5672 -0.5824
vn 0.5000 0.7071 -0.5000
vn -0.0000 0.5774 -0.8165
vn -0.8165 0.5774 -0.0000
vn -0.5000 0.7071 0.5000
vn -0.6707 0.2285 -0.7056
vn -0.9466 0.3225 -0.0000
vn 0.9466 -0.3225 -0.0000
vn 0.9997 -0.0263 -0.0000
vn -0.8165 -0.5774 -0.0000
vn -0.0000 -0.5774 -0.8165
vn -0.5000 -0.7071 0.5000
vn 0.5000 -0.7071 -0.5000
vn 0.0003 0.1446 -0.9895
vn 0.6758 0.1072 -0.7292
vn 0.8165 0.5774 -0.0000
vn 0.5001 0.7071 -0.5000
vn -0.0000 0.5773 0.8165
vn 0.7072 -0.0000 -0.7071
vn 0.7072 -0.0000 0.7071
vn -0.5775 0.5774 0.5772
vn 0.7065 -0.0000 -0.7077
vn 0.5773 0.5773 -0.5774
vn -0.0000 0.7065 -0.7077
vn 0.6547 0.5647 0.5024
vn 0.4067 0.5772 -0.7081
vn -0.1857 0.8101 -0.5560
vn 0.0772 0.8422 0.5335
vn 0.4981 -0.0000 -0.8671
vn 0.7933 -0.0000 0.6088
vn -0.2623 -0.0000 -0.9650
vn -0.0009 -0.0000 1.0000
vn -0.0000 0.2511 -0.9680
vn -0.0000 -0.2524 0.9676
vn -0.0000 0.9676 0.2523
s 1
usemtl metal
f 284//130 289//130 287//130 286//130
f 285//131 286//131 287//131 288//131
f 288//132 287//132 289//132 290//132
f 293//130 347//133 292//133 291//130
f 314//134 295//130 311//135 294//136
f 296//137 297//138 298//139 302//140
f 654//141 655//142 659//136 660//141
f 299//143 302//140 298//139 300//144
f 301//145 296//137 302//140 299//143
f 305//130 308//133 304//146 303//135
f 306//131 303//135 304//146 307//131
f 307//132 304//146 308//133 309//132
f 310//131 294//136 311//135 312//131
f 313//141 314//134 294//136 310//141
f 318//134 316//133 317//146 315//136
f 318//134 315//136 320//141 321//141
f 320//131 315//136 317//146 319//131
f 319//132 317//146 316//133 322//132
f 330//147 329//148 333//133 323//130
f 325//130 335//133 334//146 324//135
f 343//142 327//147 342//135 326//136
f 328//149 329//148 330//147 331//149
f 332//132 333//133 329//148 328//132
f 336//131 324//135 334//146 337//131
f 341//131 326//136 342//135 340//131
f 339//149 327//147 343//142 344//149
f 344//141 343//142 326//136 341//141
f 337//132 334//146 335//133 338//132
f 345//132 292//133 347//133 346//132
f 351//142 350//147 349//135 348//136
f 355//141 351//142 348//136 353//141
f 353//131 348//136 349//135 352//131
f 354//149 350//147 351//142 355//149
f 356//130 357//130 360//130 361//130
f 363//150 357//150 356//150 358//150
f 359//151 361//151 360//151 362//151
f 362//152 360//152 357//152 363//152
f 364//147 367//148 365//133 366//130
f 370//132 365//133 367//148 368//132
f 368//149 367//148 364//147 369//149
f 373//134 374//133 372//146 371//136
f 377//131 371//136 372//146 376//131
f 378//141 373//134 371//136 377//141
f 376//132 372//146 374//133 375//132
f 381//130 387//133 380//146 379//135
f 383//134 381//133 393//146 382//136
f 385//131 379//135 380//146 386//131
f 386//132 380//146 387//133 388//132
f 390//131 385//131 386//131 391//131
f 391//132 386//132 388//132 392//132
f 389//131 382//136 393//146 394//131
f 384//141 383//134 382//136 389//141
f 394//132 393//146 381//133 395//132
f 398//134 399//133 397//146 396//136
f 400//131 396//136 397//146 401//131
f 402//141 398//134 396//136 400//141
f 401//132 397//146 399//133 403//132
f 412//131 426//136 404//146 409//131
f 415//147 414//148 418//133 406//130
f 408//134 423//133 407//146 420//136
f 409//132 404//146 405//133 410//132
f 411//131 425//131 405//131 410//131
f 411//141 425//134 426//136 412//141
f 413//149 414//148 415//147 416//149
f 417//132 418//133 414//148 413//132
f 419//131 420//136 407//146 421//131
f 422//141 408//134 420//136 419//141
f 421//132 407//146 423//133 424//132
f 468//153 467//153 464//154 466//155
f 427//156 471//157 429//133 428//134
f 473//158 430//159 431//160 432//161
f 435//147 434//148 474//146 433//135
f 437//134 438//130 436//135 476//136
f 480//142 439//148 482//133 481//134
f 443//142 546//147 442//135 543//136
f 444//142 551//148 549//146 548//136
f 502//142 501//148 446//146 445//136
f 448//142 447//148 450//133 449//134
f 513//147 451//148 510//146 509//135
f 452//134 520//133 519//133 453//134
f 454//134 455//130 523//135 522//136
f 458//142 457//148 456//146 528//136
f 535//134 536//133 532//146 459//136
f 461//162 464//154 462//132 463//132
f 464//154 461//162 465//163 466//155
f 467//153 468//153 469//164 463//164
f 515//165 470//165 471//157 427//156
f 472//132 429//133 471//157 470//132
f 538//166 431//160 430//159 539//167
f 494//131 433//135 474//146 495//131
f 495//132 474//146 434//148 496//132
f 488//168 432//161 431//160 538//166
f 496//149 434//148 435//147 497//149
f 475//131 476//136 436//135 477//131
f 478//141 437//134 476//136 475//141
f 486//132 482//133 439//148 483//132
f 483//149 439//148 480//142 484//149
f 515//141 427//156 428//134 516//141
f 441//130 440//133 489//146 493//135
f 490//132 489//146 440//133 491//132
f 498//131 445//136 446//146 499//131
f 500//149 501//148 502//142 503//149
f 503//141 502//142 445//136 498//141
f 499//132 446//146 501//148 500//132
f 505//149 447//148 448//142 506//149
f 506//141 448//142 449//134 504//141
f 507//132 450//133 447//148 505//132
f 508//131 509//135 510//146 511//131
f 512//149 451//148 513//147 479//149
f 511//132 510//146 451//148 512//132
f 517//141 452//134 453//134 518//141
f 514//132 519//133 520//133 460//132
f 521//131 522//136 523//135 524//131
f 525//141 454//134 522//136 521//141
f 527//131 528//136 456//146 529//131
f 530//149 457//148 458//142 526//149
f 526//141 458//142 528//136 527//141
f 529//132 456//146 457//148 530//132
f 531//131 459//136 532//146 533//131
f 534//141 535//134 459//136 531//141
f 533//132 532//146 536//133 537//132
f 487//169 488//168 538//166 539//167
f 556//142 555//147 540//130 558//134
f 542//131 543//136 442//135 544//131
f 545//149 546//147 443//142 547//149
f 547//141 443//142 543//136 542//141
f 544//131 548//136 549//146 541//131
f 550//149 551//148 444//142 552//149
f 552//141 444//142 548//136 544//141
f 541//132 549//146 551//148 550//132
f 554//149 555//147 556//142 557//149
f 557//141 556//142 558//134 553//141
f 642//170 638//134 637//142 643//171
f 566//134 569//130 559//130 567//134
f 574//142 573//147 561//135 560//136
f 578//132 652//133 579//148 576//132
f 565//141 566//134 567//134 568//141
f 570//131 560//136 561//135 571//131
f 572//149 573//147 574//142 575//149
f 575//141 574//142 560//136 570//141
f 563//141 564//142 562//134 577//141
f 576//149 579//148 564//142 563//149
f 564//142 579//148 652//133 562//134
f 586//172 580//173 581//161 584//174
f 585//175 580//173 586//172 583//175
f 583//176 586//172 584//174 582//176
f 582//151 584//174 581//161 587//151
f 653//141 592//142 589//136 590//141
f 596//148 599//142 600//149 595//149
f 591//149 593//147 592//142 653//149
f 590//131 589//136 594//135 588//131
f 592//142 593//147 594//135 589//136
f 599//142 596//148 598//133 601//134
f 597//132 598//133 596//148 595//132
f 600//141 599//142 601//134 602//141
f 597//149 598//149 601//149 602//149
f 539//167 430//159 473//158 487//169
f 603//142 607//148 605//133 604//134
f 606//149 607//148 603//142 608//149
f 608//141 603//142 604//134 609//141
f 610//132 605//133 607//148 606//132
f 492//131 493//135 489//146 490//131
f 612//130 611//133 615//133 613//130
f 614//132 615//133 611//133 616//132
f 484//141 480//142 481//134 485//141
f 617//131 618//131 619//131 620//131
f 620//132 619//132 622//132 623//132
f 621//177 622//135 619//130 618//130
f 626//149 627//149 628//149 629//149
f 628//130 627//130 625//130 624//130
s 0
f 630//149 631//149 633//149 632//149
f 632//130 633//130 635//130 634//130
f 630//141 632//141 634//141 636//141
s 1
f 639//178 643//171 637//142 640//149
f 640//141 637//142 638//134 641//141
f 666//142 662//179 663//180 668//134
f 656//149 661//147 655//142 654//149
f 649//181 644//182 646//183 650//184
f 647//185 644//182 649//181 648//186
f 645//187 646//183 644//182 647//185
f 648//186 649//181 650//184 651//188
f 660//131 659//136 658//135 657//131
f 655//142 661//147 658//135 659//136
f 425//134 405//133 404//146 426//136
f 662//179 666//142 667//149 665//149
f 667//141 666//142 668//134 664//141
s 0
f 669//149 670//149 672//149 671//149
f 670//189 674//189 676//189 672//189
f 671//190 675//190 673//190 669//190
f 672//191 676//191 675//191 671//191
s 1
f 678//142 683//147 677//135 680//136
f 679//131 680//136 677//135 681//131
f 682//149 683//147 678//142 684//149
f 684//141 678//142 680//136 679//141
f 686//142 685//148 692//133 690//134
f 688//149 685//148 686//142 689//149
f 689//141 686//142 690//134 691//141
f 687//132 692//133 685//148 688//132
f 622//135 621//177 624//151 625//131
f 628//141 624//151 621//177
f 621//177 618//141 617//141
f 617//141 629//141 621//177
f 629//141 628//141 621//177
f 700//142 695//147 694//135 698//136
f 697//131 698//136 694//135 696//131
f 699//149 695//147 700//142 701//149
f 701//141 700//142 698//136 697//141
f 708//147 703//148 702//146 705//135
f 704//131 705//135 702//146 706//131
f 707//149 703//148 708//147 709//149
f 706//132 702//146 703//148 707//132
f 710//149 711//149 712//149 713//149
f 713//141 712//141 714//141 715//141
f 712//130 711//130 716//130 714//130
o b_tunnel
v -8.585205 -4.682862 -18.926758
v -8.585205 -4.682862 -22.048584
v -8.585205 -1.170655 -18.926758
v -8.585205 -1.170655 -22.048584
v -8.585205 -1.170655 -17.365723
v -8.585205 -4.682862 -17.365723
v -8.585205 -4.682862 -23.609619
v -8.585205 -1.170655 -23.609619
v -24.975586 -1.170655 -17.365723
v -24.975586 -4.682862 -17.365723
v -24.975586 -4.682862 -23.609619
v -24.975586 -1.170655 -23.609619
v -8.585205 -1.170655 -17.365723
v -8.585205 -1.170655 -23.609619
v -24.975586 -1.170655 -17.365723
v -24.975586 -1.170655 -23.609619
v -8.585205 -4.682862 -17.365723
v -8.585205 -4.682862 -23.609619
v -24.975586 -4.682862 -17.365723
v -24.975586 -4.682862 -23.609619
v -8.585205 -1.170655 -17.365723
v -8.585205 -4.682862 -17.365723
v -24.975586 -1.170655 -17.365723
v -24.975586 -4.682862 -17.365723
v -23.414551 -4.682862 -14.243896
v -23.414551 -0.780274 -14.243896
v -23.414551 -4.682862 -17.365723
v -20.292480 -4.682862 -17.365723
v -20.292480 -1.170655 -17.365723
v -23.414551 -1.170655 -17.365723
v -23.414551 -0.780274 -17.365723
v -23.414551 -4.682862 -17.365723
v -26.717003 -1.170655 -14.243896
v -26.536377 -0.780274 -14.243896
v -20.292480 -4.682862 -17.365723
v -20.292480 2.731688 -17.365723
v -20.292480 -4.682862 -14.634033
v -20.292480 2.731688 -14.634033
v -20.682861 -4.682862 -13.463379
v -20.682861 2.731688 -13.463379
v -21.463379 -4.682862 -12.292480
v -21.463379 2.731688 -12.292480
v -22.634033 -4.682862 -11.511963
v -22.634033 2.731688 -11.511963
v -23.804688 -4.682862 -11.121826
v -23.804688 2.731688 -11.121826
v -25.755859 -4.682862 -11.121826
v -25.755859 2.731688 -11.121826
v -25.755859 -1.170655 -11.121826
v -25.755859 2.731688 -11.121826
v -20.292480 -1.170655 -17.365723
v -20.292480 2.731688 -17.365723
v -34.341309 -1.170655 -17.365723
v -34.341309 2.731688 -17.365723
v -35.134033 -1.170655 -17.597412
v -35.134033 2.731688 -17.597412
v -35.670654 -1.170655 -18.134033
v -35.670654 2.731688 -18.134033
v -35.902344 -1.170655 -18.841309
v -35.902344 2.731688 -18.841309
v -35.902344 -1.170655 -20.487793
v -35.902344 2.731688 -20.487793
v -32.780273 -1.170655 -11.121826
v -32.780273 2.731688 -11.121826
v -32.780273 -1.170655 -9.560791
v -32.780273 2.731688 -9.560791
v -34.341309 -1.170655 -9.560791
v -34.341309 2.731688 -9.560791
v -34.341309 -1.170655 -9.560791
v -34.341309 2.731688 -9.560791
v -34.341309 -1.170655 -3.316895
v -34.341309 2.731688 -3.316895
v -37.463379 -1.170655 -9.560791
v -37.463379 2.731688 -9.560791
v -37.463379 -1.170655 -3.316895
v -37.463379 2.731688 -3.316895
v -39.024170 -1.170655 -9.560791
v -39.024170 2.731688 -9.560791
v -39.024170 -1.170655 -12.646240
v -39.024170 2.731688 -12.646240
v -39.256104 -1.170655 -13.475586
v -39.256104 2.731688 -13.475586
v -39.792480 -1.170655 -14.011963
v -39.792480 2.731688 -14.011963
v -40.609619 -1.170655 -14.243896
v -40.609619 2.731688 -14.243896
v -48.390137 -1.170655 -14.243896
v -48.390137 2.731688 -14.243896
v -48.390137 -1.170655 -20.487793
v -48.390137 2.731688 -20.487793
v -45.268066 -1.170655 -20.487793
v -45.268066 2.731688 -20.487793
v -42.146240 -1.170655 -20.487793
v -42.146240 2.731688 -20.487793
v -35.902344 2.731688 -20.487793
v -48.390137 2.731688 -20.487793
v -40.609619 2.731688 -14.243896
v -48.390137 2.731688 -14.243896
v -45.268066 -1.170655 -20.487793
v -45.268066 2.731688 -20.487793
v -42.146240 -1.170655 -20.487793
v -42.146240 2.731688 -20.487793
v -45.268066 -1.170655 -29.853516
v -45.268066 2.731688 -29.853516
v -42.146240 -1.170655 -29.853516
v -42.146240 2.731688 -29.853516
v -35.902344 2.731688 -18.841309
v -39.792480 2.731688 -14.011963
v -35.670654 2.731688 -18.134033
v -39.255859 2.731688 -13.475586
v -35.134033 2.731688 -17.597412
v -39.024170 2.731688 -12.646240
v -34.341309 2.731688 -17.365723
v -32.780273 2.731688 -11.121826
v -39.024170 2.731688 -9.560791
v -32.780273 2.731688 -9.560791
v -20.292480 2.731688 -17.365723
v -20.292480 2.731688 -11.121826
v -35.902344 -1.170655 -20.487793
v -48.390137 -1.170655 -20.487793
v -40.609619 -1.170654 -14.243896
v -48.390137 -1.170654 -14.243896
v -35.902344 -1.170655 -18.841309
v -39.792480 -1.170655 -14.011963
v -35.670654 -1.170655 -18.134033
v -39.255859 -1.170655 -13.475586
v -35.134033 -1.170655 -17.597412
v -39.024170 -1.170654 -12.646240
v -34.341309 -1.170655 -17.365723
v -32.780273 -1.170655 -11.121826
v -39.024170 -1.170655 -9.560791
v -32.780273 -1.170655 -9.560791
v -25.755859 -1.170655 -17.365723
v -25.755859 -1.170655 -11.121826
v -26.536377 -0.780274 -14.243896
v -26.717003 -1.170655 -14.243896
v -26.536377 -0.780274 -17.365723
v -26.717003 -1.170655 -17.365723
v -23.414551 -0.780274 -14.243896
v -23.414551 -0.780274 -17.365723
v -34.341309 -1.170655 -9.560791
v -34.341309 -1.170655 -3.316895
v -37.463379 -1.170655 -9.560791
v -37.463379 -1.170655 -3.316895
vn -1.0000 -0.0000 -0.0000
vn -0.0000 -0.0000 1.0000
vn -0.0000 -0.0000 -1.0000
vn 1.0000 -0.0000 -0.0000
vn -0.0000 -1.0000 -0.0000
vn -0.0000 1.0000 -0.0000
vn -0.9486 -0.0000 -0.3163
vn -0.8321 -0.0000 -0.5547
vn -0.5547 -0.0000 -0.8320
vn -0.3162 -0.0000 -0.9487
vn -0.2805 -0.0000 0.9598
vn -0.7071 -0.0000 0.7071
vn -0.9503 -0.0000 0.3113
vn 0.9630 -0.0000 -0.2693
vn 0.7071 -0.0000 -0.7071
vn 0.2730 -0.0000 -0.9620
vn -0.9076 0.4199 -0.0000
s 0
usemtl rock
f 719//192 717//192 722//192 721//192
f 724//192 723//192 718//192 720//192
f 723//193 724//193 728//193 727//193
f 746//194 743//194 740//194 739//194
f 726//195 727//195 728//195 725//195
f 732//196 730//196 729//196 731//196
f 736//197 735//197 733//197 734//197
f 748//195 747//195 742//195 741//195
f 741//193 742//193 750//193 749//193
f 737//194 738//194 744//194 745//194
f 751//192 753//192 754//192 752//192
f 754//198 753//198 755//198 756//198
f 756//199 755//199 757//199 758//199
f 758//200 757//200 759//200 760//200
f 760//201 759//201 761//201 762//201
f 762//194 761//194 763//194 764//194
f 767//193 768//193 770//193 769//193
f 769//202 770//202 772//202 771//202
f 771//203 772//203 774//203 773//203
f 773//204 774//204 776//204 775//204
f 775//192 776//192 778//192 777//192
f 766//194 765//194 779//194 780//194
f 780//192 779//192 781//192 782//192
f 782//194 781//194 783//194 784//194
f 786//192 785//192 787//192 788//192
f 790//195 792//195 791//195 789//195
f 788//196 792//196 790//196 786//196
f 790//194 789//194 793//194 794//194
f 794//195 793//195 795//195 796//195
f 796//205 795//205 797//205 798//205
f 798//206 797//206 799//206 800//206
f 800//207 799//207 801//207 802//207
f 802//194 801//194 803//194 804//194
f 804//195 803//195 805//195 806//195
f 806//193 805//193 807//193 808//193
f 778//193 810//193 809//193 777//193
f 826//196 825//196 827//196 828//196
f 824//196 823//196 825//196 826//196
f 813//196 811//196 823//196 824//196
f 814//196 812//196 811//196 813//196
f 817//192 818//192 822//192 821//192
f 816//195 815//195 819//195 820//195
f 821//197 819//197 815//197 817//197
f 818//196 816//196 820//196 822//196
f 831//196 829//196 830//196 832//196
f 828//196 827//196 829//196 831//196
f 830//196 829//196 833//196 834//196
f 842//197 844//197 843//197 841//197
f 840//197 842//197 841//197 839//197
f 837//197 840//197 839//197 835//197
f 838//197 837//197 835//197 836//197
f 847//197 848//197 846//197 845//197
f 844//197 847//197 845//197 843//197
f 846//197 850//197 849//197 845//197
f 851//208 853//208 854//208 852//208
f 853//197 851//197 855//197 856//197
f 857//197 859//197 860//197 858//197
o main
v 36.682861 5.072993 -60.682861
v 36.682861 1.170650 -60.682861
v 42.146240 5.853511 -61.072998
v 41.365723 5.072993 -60.682861
v 41.365723 1.170650 -60.682861
v 36.682861 2.731684 -60.682861
v 39.024292 5.072993 -60.682861
v 41.365723 2.731684 -60.682861
v 35.902344 5.853513 -61.072998
v 38.118408 4.891841 -60.682861
v 39.930176 4.891841 -60.682861
v 37.365723 4.390132 -60.682861
v 40.682861 4.390132 -60.682861
v 36.841309 3.603512 -60.682861
v 41.207275 3.603512 -60.682861
v 36.682861 2.731683 -66.341309
v 39.024292 5.072992 -66.341309
v 41.365723 2.731684 -66.341309
v 38.118408 4.891840 -66.341309
v 39.930176 4.891840 -66.341309
v 37.365723 4.390131 -66.341309
v 40.682861 4.390131 -66.341309
v 36.841309 3.603511 -66.341309
v 41.207275 3.603511 -66.341309
v 41.365723 1.170649 -66.341309
v 36.682861 1.170649 -66.341309
v 23.804688 0.390133 -53.268066
v 23.804688 6.634029 -53.268066
v 28.097412 0.390133 -53.268066
v 28.097412 6.634029 -53.268066
v 29.658447 0.390132 -54.829102
v 29.658447 6.634028 -54.829102
v 29.658447 0.390132 -61.072998
v 29.658447 6.634028 -61.072998
v 35.511963 0.390133 -54.438965
v 28.097412 1.158443 -54.438965
v 28.097412 0.390133 -54.438965
v 35.511963 0.390133 -42.731689
v 30.048584 1.158443 -42.731689
v 30.048584 0.390133 -42.731689
v 30.048584 1.158443 -45.072998
v 17.560791 0.390133 -45.072998
v 23.804688 0.390133 -52.877930
v 23.804688 6.634029 -52.877930
v 23.414551 0.390133 -52.487793
v 23.414551 6.634029 -52.487793
v 17.170654 0.390133 -52.487793
v 17.170654 6.634029 -52.487793
v 16.780273 0.390133 -52.877930
v 16.780273 6.634029 -52.877930
v 16.780273 0.390133 -53.268066
v 16.780273 6.634029 -53.268066
v 10.926758 0.390133 -53.268066
v 10.926758 6.634029 -53.268066
v 10.926758 0.390133 -48.975586
v 10.926758 6.634029 -48.975586
v 11.316895 0.390133 -48.975586
v 11.316895 6.634029 -48.975586
v 11.707275 0.390133 -48.585205
v 11.707275 6.634029 -48.585205
v 11.707275 0.390133 -42.341309
v 11.707275 6.634029 -42.341309
v 11.316895 0.390133 -41.951172
v 11.316895 6.634029 -41.951172
v 10.926758 0.390133 -41.951172
v 10.926758 6.634029 -41.951172
v 10.926758 0.390133 -29.853516
v 10.926758 6.634029 -24.390137
v 6.243896 6.634031 -24.390137
v 6.243896 -1.951171 -24.390137
v 6.243896 6.634031 -31.414551
v 7.804688 6.634031 -31.414551
v 7.804688 6.634030 -41.951172
v 7.804688 4.292477 -41.951172
v 4.292480 6.634030 -41.951172
v 3.902344 6.634030 -42.341309
v 3.902344 6.634029 -48.585205
v 3.902344 4.292476 -48.585205
v 4.292480 6.634029 -48.975586
v 4.292480 4.292476 -48.975586
v 4.682861 6.634029 -48.975586
v 4.682861 6.634028 -61.072998
v 10.926758 0.390133 -54.438965
v 30.048584 0.390133 -45.072998
v 17.560791 0.390133 -29.853516
v 17.560791 1.158444 -36.097412
v 35.902344 1.170649 -61.072998
v 26.926758 -1.951172 -4.877930
v 26.536377 -1.951170 20.487793
v 35.902344 -1.951170 20.487793
v 35.511963 1.158443 -54.438965
v 35.902344 1.158444 -42.341309
v 35.902344 1.170650 -54.829102
v -7.804688 -1.951170 29.463379
v 35.902344 -1.951175 -42.341309
v 29.658447 1.158444 -42.341309
v 35.511963 1.158444 -42.731689
v 29.658447 1.158444 -44.682861
v 17.951172 1.158444 -44.682861
v 17.560791 1.158444 -45.072998
v 17.951172 1.158444 -36.097412
v 35.902344 -1.951173 -15.804688
v 29.670654 -1.951175 -42.341309
v 43.707275 6.634030 -43.902344
v 43.707275 6.634028 -61.072998
v 51.511963 6.634030 -42.341309
v 51.511963 6.634028 -61.072998
v 35.511963 1.170649 -61.072998
v 43.707275 1.560786 -61.072998
v 43.707275 -1.099124 -43.902344
v 45.268066 6.634030 -42.341309
v 45.268066 -1.099124 -42.341309
v 51.511963 -1.099124 -42.341309
v 48.390137 4.304684 -42.341309
v 48.390137 -0.390140 -42.341309
v 48.390137 4.304686 -29.853516
v 48.390137 -0.390139 -29.853516
v 48.780273 5.085202 -42.341309
v 48.780273 5.085203 -29.853516
v 51.511963 5.072995 -42.341309
v 51.511963 5.072996 -29.853516
v 45.268066 -1.170656 -29.853516
v 45.268066 6.634031 -29.853516
v 51.511963 -1.170656 -29.853516
v 51.511963 6.634031 -29.853516
v 43.707275 -1.560793 -28.292480
v 43.707275 6.634032 -28.292480
v 43.707275 -1.560793 -12.682862
v 43.707275 6.634032 -12.682863
v 45.268066 -1.560793 -11.121826
v 45.268066 6.634032 -11.121827
v 51.511963 -1.560793 -11.121826
v 51.511963 6.634032 -11.121827
v 48.780273 5.085204 -11.121826
v 48.390137 4.304687 -11.121826
v 48.780273 5.085206 6.048584
v 48.390137 4.304688 6.048584
v 51.511963 5.072997 -11.121826
v 51.511963 5.072999 6.048584
v 48.390137 -0.390137 -11.121826
v 48.390137 -0.390136 6.048584
v 35.902344 -1.951172 -4.877930
v 36.292480 5.853515 -15.414551
v 33.560791 5.072997 -18.146240
v 36.682861 5.072997 -18.146240
v 33.560791 5.072997 -15.024170
v 33.560791 -1.951173 -15.024170
v 33.560791 -1.951173 -18.146240
v 36.682861 -1.951173 -18.146240
v 36.682861 -1.951173 -15.024170
v 36.682861 5.072997 -15.024170
v 35.902344 4.292479 -15.804688
v 35.902344 -1.951174 -36.097412
v 35.902344 4.292477 -36.097412
v 35.511963 5.072997 -16.195068
v 35.511963 5.072995 -35.707275
v 35.902344 -1.951175 -15.804688
v 35.902344 4.292478 -15.804688
v 35.511963 5.072997 -16.195068
v 20.292480 -1.951174 -15.804688
v 20.292480 4.292479 -15.804688
v 20.292480 5.072997 -16.195068
v 17.170654 -1.951173 -12.682861
v 17.170654 4.292480 -12.682862
v 16.780273 5.072997 -12.682861
v 35.511963 5.072996 -35.707275
v 17.560791 5.072997 -35.707275
v 35.902344 4.304685 -36.097412
v 17.170654 4.292477 -36.097412
v 29.658447 -1.951175 -36.097412
v 17.170654 -5.073001 -36.097412
v 35.902344 -1.951175 -36.097412
v 17.170654 4.292478 -20.487793
v 17.170654 -5.073000 -20.487793
v 17.560791 5.072997 -20.487793
v 10.926758 -1.951174 -24.390137
v 6.243896 4.292478 -31.414551
v 7.804688 4.292478 -31.414551
v 4.292480 4.292477 -41.951172
v 3.902344 4.292477 -42.341309
v 4.682861 4.292476 -48.975586
v 4.682861 4.292475 -61.072998
v 10.926758 -1.951174 -29.853516
v 17.170654 -1.951174 -29.853516
v 36.292480 5.853513 -36.487793
v 33.951172 5.853513 -36.487793
v 33.951172 5.853514 -34.146240
v 36.292480 5.853514 -34.146240
v 33.951172 5.853515 -17.755859
v 33.951172 5.853515 -15.414551
v 36.292480 5.853515 -17.755859
v 33.560791 5.072995 -36.877930
v 36.682861 5.072996 -33.755859
v 33.560791 5.072996 -33.755859
v 36.682861 5.072995 -36.877930
v 33.560791 -1.951174 -33.755859
v 33.560791 -1.951174 -36.877930
v 36.682861 -1.951174 -36.877930
v 36.682861 -1.951174 -33.755859
v 17.170654 -1.951173 -4.877930
v 17.170654 4.292480 -4.877931
v 16.780273 5.072997 -4.487793
v 16.390137 5.072998 -0.195314
v 32.780273 5.072999 20.097412
v 25.755859 5.072999 20.097168
v 16.390137 5.072999 5.268065
v 25.755859 5.072999 5.268065
v 32.780273 5.072999 11.121826
v 27.707275 5.072999 11.121826
v 27.708984 5.069335 -3.316895
v 7.414551 -1.951172 0.975586
v 26.536377 5.072996 -4.487793
v 13.268066 5.072998 -0.195068
v 7.414551 6.634033 0.975586
v 13.268066 5.072997 -17.755859
v 7.414551 -1.951172 1.755859
v 7.414551 6.634033 1.755859
v 7.804688 -1.951172 2.146240
v 7.804688 6.634033 2.146240
v 14.048584 -1.951172 2.146240
v 14.048584 6.634033 2.146240
v 14.438965 6.634033 -4.487793
v 14.048584 6.634033 -4.877931
v 16.780273 5.072997 -4.487793
v 14.438965 5.072998 -4.487793
v 14.048584 5.072998 -4.877931
v 12.877930 6.634033 -4.877931
v 12.877930 5.072998 -4.877931
v 14.438965 6.634033 1.755859
v 14.438965 5.072998 1.755859
v 26.926758 4.292480 -4.877931
v 26.536377 5.072996 -4.487793
v 17.170654 2.731688 -4.877930
v 23.414551 2.731688 -4.877930
v 23.414551 -1.951172 -4.877931
v 28.099365 -1.954833 -3.707032
v 28.099365 4.288819 -3.707033
v 27.708984 5.069335 -3.316895
v 24.587158 -1.954833 -3.707033
v 28.097656 -1.951170 10.731689
v 28.097656 4.292482 10.731689
v 27.707275 5.072999 11.121826
v 8.195068 -1.951170 20.487793
v 8.195068 6.634035 20.487793
v 7.411377 -1.951170 20.487793
v 7.411377 6.634035 20.487793
v 8.585205 -1.951170 20.097412
v 8.585205 6.634035 20.097412
v 8.585205 -1.951171 13.853515
v 8.585205 6.634034 13.853514
v 8.195068 -1.951171 13.463379
v 8.195068 6.634034 13.463378
v 7.414551 -1.951171 13.463379
v 7.414551 6.634034 13.463378
v 7.804688 5.853517 13.463379
v 7.412354 6.634034 13.463377
v 7.804688 5.853517 9.170654
v 7.414551 6.634034 9.365722
v 7.804688 -1.951171 13.463378
v 7.804688 -1.951171 9.170653
v 6.243652 5.853517 7.609618
v 6.048584 6.633790 7.999755
v 6.243652 -1.951171 7.609618
v 5.072998 5.853517 7.609619
v 5.072998 6.634034 8.000000
v 5.072998 -1.951171 7.609618
v 5.072998 -1.951171 7.219238
v 5.072998 6.634034 7.219238
v 4.682861 -1.951172 6.829103
v 4.682861 6.634034 6.829102
v 5.072998 -1.951171 8.000000
v 5.072998 6.634034 8.000000
v -1.560791 -1.951172 6.829102
v -1.560791 6.634034 6.829102
v -1.951172 -1.951171 7.219482
v -1.951172 6.634034 7.219481
v -1.951172 -1.951171 8.000000
v -1.951172 6.634034 8.000000
v -1.951172 5.853517 7.609620
v -3.121826 5.853517 7.609619
v -1.951172 -1.951171 7.609620
v -3.121826 -1.951171 7.609619
v -4.682861 5.853271 9.170654
v -4.682861 -1.951416 9.170654
v -4.682861 5.841310 13.853516
v -4.682861 1.951173 13.853516
v -2.926758 6.633790 7.999755
v -4.292480 6.634033 9.365722
v -4.289551 6.634034 13.853514
v 7.804688 5.841311 24.780273
v 7.414551 6.634035 24.390137
v 7.804688 5.841311 20.487549
v 7.414551 6.621828 20.487793
v 7.804688 -1.963377 24.780273
v 7.804688 -1.963377 20.487549
v 6.243896 5.841555 26.341309
v 6.243896 -1.963133 26.341309
v -3.121826 5.853518 26.341309
v -3.121826 -1.951170 26.341309
v -9.365723 -1.951171 9.170654
v -13.658447 -1.951172 2.146240
v -13.658447 1.951172 2.146240
v -14.048584 -1.951172 1.365723
v -10.926758 -1.951172 -1.755859
v -13.658447 -1.951172 6.829102
v -13.658447 1.951172 6.829102
v -14.048584 -1.951171 7.609619
v -14.048584 2.731445 1.365723
v -14.048584 2.731446 7.609619
v -4.682861 -1.951416 9.170654
v -7.804688 -1.951171 10.731689
v -14.048584 3.511963 1.365723
v -14.048584 3.511964 7.609619
v -9.365723 3.511964 9.170654
v -10.926758 -1.951171 7.609619
v -10.926758 3.511963 7.609619
v -14.048584 -1.951171 7.609619
v -14.048584 3.511963 7.609619
v -10.926758 -1.951172 1.365723
v -10.926758 3.511963 1.365723
v -14.048584 -1.951171 1.365723
v -14.048584 3.511963 1.365723
v -9.365723 -1.951172 -0.195068
v -9.365723 3.511963 -0.195068
v -9.365723 -1.951172 -3.516001
v -9.365723 3.511962 -3.516001
v -9.365723 3.511964 12.348785
v -9.365723 5.841309 -3.516002
v -9.365723 5.841311 12.348785
v -9.755859 6.634033 -3.516002
v -9.755859 6.634034 12.348784
v -7.804688 1.951173 13.853516
v 5.853516 6.646242 25.951172
v -2.719238 6.646242 25.951172
v -4.682861 5.853273 24.780273
v -3.902100 6.634035 24.780273
v -4.682861 1.951174 24.780273
v -4.682861 1.170657 24.780273
v -3.902100 6.634035 24.780273
v -7.804688 1.170657 24.780273
v -8.963379 6.634035 24.780273
v 14.048584 -1.951170 29.463379
v -49.560791 5.073001 34.926758
v -49.560791 1.170657 34.926758
v -49.951172 5.853519 35.707275
v -49.951172 1.170657 35.707275
v -49.560791 5.073000 30.243652
v -35.902344 1.758792 38.048584
v -49.951172 5.853518 29.463379
v -49.560791 1.170656 30.243896
v -35.902344 7.414554 38.048584
v -49.951172 1.170656 29.463379
v -18.731689 1.170656 29.463379
v -18.731689 5.853518 29.463379
v -17.170654 5.853518 29.463379
v -17.170654 1.170656 29.463379
v -19.121826 5.073000 30.243896
v -17.170654 5.853519 35.707275
v -16.780273 5.073001 34.926758
v -16.780273 5.073000 30.243896
v -18.731689 5.853519 35.707275
v -16.780273 1.170656 30.243896
v -19.121826 1.170656 30.243652
v -19.121826 5.073000 30.243652
v -19.121826 1.170657 34.926758
v -19.121826 5.073001 34.926758
v -16.780273 1.170657 34.926758
v -18.731689 1.170657 35.707275
v -17.170654 1.170657 35.707275
v 13.658447 -1.951169 34.926758
v 14.048584 -1.951169 35.707275
v 14.048584 2.731692 35.707275
v 13.658447 -1.951170 30.243652
v 13.658447 1.951174 30.243652
v 14.048584 2.731691 29.463379
v 13.658447 1.951175 34.926758
v -8.975586 6.634034 -3.516002
v -7.804688 1.951174 29.463379
v -10.926758 1.951174 29.463379
v -10.926758 1.951174 26.341309
v -7.804688 1.951174 26.341309
v -7.804688 6.634035 26.341309
v -10.926758 6.634035 26.349447
v -10.548584 7.414553 29.085205
v -10.548584 7.414553 26.737793
v -10.926758 6.634035 29.463379
v -7.804688 6.634035 29.463379
v -10.926758 1.951174 29.463379
v -10.926758 5.073000 28.682861
v -17.170654 5.073000 28.682861
v -17.170654 1.951174 29.463379
v -10.926758 5.841311 28.682861
v -10.926758 6.634035 28.292480
v -17.170654 6.634035 28.292480
v -17.170654 5.841311 28.682861
v -7.804688 1.170656 24.000000
v -7.804688 1.951174 24.000000
v -4.682861 1.951174 24.000000
v -4.682861 1.170656 24.000000
v -8.585205 1.951174 24.780273
v -8.585205 5.865725 24.780273
v -8.585205 5.865725 26.341309
v -8.585205 1.951174 26.341309
v -8.963379 6.634035 26.341309
v -8.585205 5.865725 26.341309
v -8.585205 5.865725 24.780273
v -8.963379 6.634035 24.780273
v -8.585205 5.048586 24.780273
v -8.585205 5.048586 26.341309
v -7.804688 1.951174 26.341309
v -7.804688 1.951174 24.780273
v -4.682861 1.170655 14.634033
v -4.682861 1.951173 14.634033
v -7.804688 1.951173 14.634033
v -7.804688 1.170655 14.634033
v -4.682861 1.951173 14.634033
v -4.682861 1.170655 13.853516
v -4.682861 1.951174 24.000000
v -7.804688 1.951173 14.634033
v -4.682861 1.170656 24.780273
v -7.804688 1.951174 24.000000
v -7.804688 1.170656 24.780273
v -7.804688 1.170656 24.000000
v -4.682861 1.170656 24.000000
v -4.682861 1.170655 14.634033
v -7.804688 1.170655 14.634033
v -7.804688 1.170655 13.853516
v 1.554688 5.853519 38.829102
v -7.817139 1.951175 38.829102
v 1.560791 -0.390134 38.829102
v -17.170654 1.951175 38.829102
v -17.170654 5.853519 38.829102
v 1.951172 6.634036 39.219482
v -17.170654 6.634036 39.219482
v 1.554688 5.853519 37.268066
v 1.560791 -0.780515 37.268066
v 3.115723 5.853519 35.707275
v 3.121826 -1.951169 35.707275
v 3.511963 6.634036 36.097412
v 14.042480 5.853519 35.707275
v 14.048584 -1.951169 35.707275
v 14.438965 6.634036 36.097412
v 1.951172 6.634036 37.658447
v 14.042480 5.853518 24.780273
v 14.048584 -1.951170 24.780273
v 14.438965 6.634035 25.170410
v 15.603271 5.853518 23.219482
v 15.609375 -1.951170 23.219482
v 15.999756 6.634035 23.609619
v 23.408203 5.853518 23.219482
v 23.408203 5.853518 23.219482
v 23.804688 6.634035 23.609619
v 23.411255 2.731691 23.219482
v 17.170654 -1.951170 23.219482
v 17.170654 2.731447 23.219482
v 23.804688 6.634035 23.609619
v 23.411255 -1.951171 23.219482
v 23.408203 5.853518 7.609619
v 23.804688 6.634035 7.219481
v 23.411255 -1.951171 7.609619
v 15.603516 5.853517 7.603516
v 16.000000 6.634034 7.213378
v 23.409729 2.731691 7.609619
v 23.408203 5.853518 7.609619
v 15.603516 5.853517 7.603516
v 15.606567 -1.951172 7.603516
v 17.172180 -1.951171 7.606567
v 17.170654 2.731690 7.606567
v 15.603516 5.853517 7.603516
v 16.000000 6.634034 7.213378
v 15.603516 5.853517 7.603516
v 15.606567 -1.951172 7.603516
v 14.042480 5.853517 6.036377
v 14.438965 6.634034 5.646240
v 14.042480 5.853517 6.036377
v 14.045532 -1.951172 6.036377
v 14.042480 5.853517 2.146240
v 14.045532 -1.951172 2.146240
v 26.926758 -1.951172 -4.877930
v -42.146240 1.758792 38.048584
v -42.146240 7.414554 38.048584
v -35.511963 1.758792 38.438965
v -35.511963 7.414554 38.438965
v -35.511963 1.758793 41.951172
v -35.511963 7.414554 41.951172
v -42.536377 1.758792 38.438965
v -42.536377 7.414554 38.438965
v -42.536377 1.758793 41.951172
v -42.536377 7.414554 41.951172
v -49.951172 5.853518 38.829102
v -49.951172 6.634036 39.219482
v -18.731689 5.853519 38.829102
v -18.341309 6.634037 39.219482
v -49.951172 1.951175 38.829102
v -18.731689 1.951176 38.829102
v -18.341309 6.634035 19.707275
v -18.731689 1.170656 20.097412
v -18.731689 5.853518 20.097412
v -42.536377 6.634036 39.219482
v -35.511963 6.634036 39.219482
v -30.048584 6.634036 39.219482
v -23.024170 6.634036 39.219482
v -23.024170 5.853519 38.829102
v -30.048584 5.853519 38.829102
v -35.511963 5.853519 38.829102
v -42.536377 5.853518 38.829102
v -23.024170 1.951175 38.829102
v -30.048584 1.951175 38.829102
v -35.511963 1.951175 38.829102
v -42.536377 1.951175 38.829102
v -8.201172 7.414553 29.085205
v -8.201172 7.414553 26.737793
v -29.658447 -1.951171 7.609619
v -30.048584 -1.951172 6.829102
v -29.658447 2.731689 7.609619
v -30.048584 1.951173 6.829103
v -30.048584 -1.951172 2.146240
v -30.048584 1.951172 2.146240
v -29.658447 -1.951172 1.365723
v -29.658447 2.731689 1.365723
v -29.715576 5.853517 10.341309
v -29.715576 -1.951171 10.341308
v -29.715576 5.853516 -3.316896
v -29.715576 -1.951171 -3.316896
v -29.268066 6.621827 10.341307
v -29.268066 6.621827 -3.707275
v -30.438965 -1.951173 10.731689
v -30.438965 6.634034 10.731688
v -30.048584 -1.951173 10.341309
v -30.048584 6.634034 10.341308
v -29.255859 -1.951173 10.341309
v -29.255859 6.634034 10.341308
v -30.438965 -1.951172 16.975586
v -30.438965 6.634035 16.975586
v -30.048584 1.951173 17.365723
v -30.048584 6.634035 17.365723
v -30.438965 1.951173 16.975586
v -29.268066 1.951173 17.365723
v -19.902344 6.634035 19.707275
v -19.902344 5.853518 20.109619
v -19.902344 1.170656 20.109619
v -8.975586 6.634035 28.292480
v -18.731689 5.853518 20.109619
v -18.731689 1.170656 20.109619
v -29.658447 5.853519 19.316895
v -29.658447 1.170656 19.316895
v -28.877930 5.853518 20.097412
v -28.877930 1.170654 20.097412
v -26.926758 5.853518 20.097412
v -26.926758 1.170654 20.097412
v -29.268311 6.634036 18.926758
v -28.487793 6.634035 19.707275
v -26.926758 6.634035 19.707275
v -26.926758 6.634034 20.487795
v -26.926758 1.170656 20.487793
v -26.536377 6.634035 20.877930
v -26.536377 1.170656 20.877928
v -20.292480 6.634035 20.877930
v -20.292480 1.170656 20.877928
v -26.926758 6.634035 19.707275
v -26.926758 1.170656 19.707273
v -19.902344 6.634035 20.487793
v -19.902344 1.170656 20.487791
v -19.902344 6.634035 19.707275
v -19.902344 1.170656 19.707273
v -29.658203 5.853518 17.365723
v -29.658203 1.170654 17.365723
v -29.268066 6.634035 17.365723
v -23.414551 1.758792 38.048584
v -23.414551 7.414554 38.048584
v -29.658447 1.758792 38.048584
v -29.658447 7.414554 38.048584
v -23.024170 1.758792 38.438965
v -23.024170 7.414554 38.438965
v -23.024170 1.758793 41.951172
v -23.024170 7.414554 41.951172
v -30.048584 1.758792 38.438965
v -30.048584 7.414554 38.438965
v -30.048584 1.758793 41.951172
v -30.048584 7.414554 41.951172
v -49.951172 5.853518 38.829102
v -49.951172 1.170657 38.829102
v -49.951172 5.853518 24.780273
v -49.951172 1.170656 25.951172
v -45.268066 1.951174 25.560791
v -30.048584 7.414554 41.951172
v -30.048584 7.414554 38.438965
v -23.024170 7.414554 38.438965
v -23.024170 7.414554 41.951172
v -29.658447 7.414554 38.048584
v -23.414551 7.414554 38.048584
v -45.658447 1.951174 29.463379
v -45.658447 1.951174 25.951172
v -45.268066 1.951174 29.463379
v -42.536377 7.414554 41.951172
v -42.536377 7.414554 38.438965
v -35.511963 7.414554 38.438965
v -35.511963 7.414554 41.951172
v -42.146240 7.414554 38.048584
v -35.902344 7.414554 38.048584
v -45.268066 1.951174 25.560791
v -46.829102 7.414552 20.877930
v -45.268066 1.951174 20.877930
v -46.829102 8.195070 20.877930
v -47.609619 8.195070 24.780273
v -50.341309 8.195070 24.780273
v -46.829102 7.402346 24.000000
v -46.829102 8.195070 24.000000
v -50.341309 8.207278 50.146240
v -49.951172 5.853519 49.755859
v -49.951172 5.853518 24.780273
v -49.951172 7.426760 24.780273
v -49.951172 7.426761 49.755859
v -47.609619 7.414553 24.780273
v -45.268066 1.963380 20.097412
v -45.268066 1.951173 20.877930
v -46.048584 4.694826 20.877930
v -45.268066 8.195070 20.097412
v -46.048584 8.195070 20.877930
v -46.829102 4.694826 20.877930
v -46.829102 8.195070 20.877930
v -29.658447 1.951173 17.365723
v -39.024170 1.170656 29.463379
v -39.024170 1.951174 29.463379
v -39.024170 1.951173 16.975586
v -39.024170 -1.951171 16.975586
v -38.634033 1.951174 29.463379
v -38.634033 1.170656 29.463379
v -29.658447 1.170655 17.365723
v -38.634033 1.951173 17.365723
v -38.634033 1.170655 17.365723
v -29.658447 1.951173 16.975586
v -29.658447 -1.951171 16.975586
v -45.268066 1.170656 25.560791
v -46.048584 1.951174 26.341309
v -46.048584 1.170656 26.341309
v -49.951172 1.951174 26.341309
v -49.951172 1.170656 26.341309
v -45.268066 1.963380 13.853515
v -45.268066 8.195068 13.853514
v -46.048584 1.963380 13.072998
v -46.048584 8.195069 13.072997
v -46.829102 1.963380 13.072998
v -46.829102 8.195069 13.072997
v -45.268066 1.963380 7.609620
v -45.268066 8.195069 7.609619
v -46.048584 1.963380 8.390137
v -46.048584 8.195069 8.390136
v -46.829102 1.963380 8.390137
v -46.829102 8.195069 8.390136
v -45.268066 1.963380 1.365723
v -45.268066 8.195067 1.365723
v -46.048584 8.195068 0.585204
v -46.829102 8.195068 0.585204
v -46.048584 4.695067 0.585205
v -46.829102 7.426758 0.585204
v -40.585205 8.195068 -1.755860
v -40.585205 -1.170654 -1.755859
v -40.195068 8.195068 -2.146241
v -40.195068 -1.170654 -2.146240
v -46.829102 8.195068 -1.755860
v -46.829102 -1.170654 -1.755859
v -40.195068 8.195066 -8.390138
v -40.195068 6.634033 -8.390137
v -45.268066 -1.951172 -1.755859
v -45.268066 1.963379 -1.755859
v -45.268066 -1.951171 16.975586
v -45.268066 1.963381 20.097412
v -45.268066 1.170656 29.463379
v -45.658447 1.170656 29.463379
v -45.658447 1.951174 29.463379
v -45.658447 1.951174 25.951172
v -45.658447 1.170656 25.951172
v -45.268066 1.951174 29.463379
v -10.926758 -1.951173 1.365723
v -7.804688 -1.951173 1.365723
v -7.804688 -1.951172 -1.755859
v -4.682861 -1.951415 24.780273
v 34.341309 6.634034 6.048584
v 34.341309 -1.951171 6.048584
v 51.511963 6.634034 6.048584
v 51.511963 -1.951171 6.048584
v 32.780273 6.634034 7.609619
v 32.780273 -1.951171 7.609619
v 32.780273 6.634035 20.487793
v 32.780273 -1.951170 20.487793
v 35.902344 -1.170654 6.048584
v 35.121826 -1.170654 6.048584
v 35.121826 -1.170654 -4.877930
v 35.902344 -1.170654 -4.877930
v 35.902344 -1.951172 6.048584
v 35.902344 -1.951172 -4.877930
v 35.902344 -1.170654 6.048584
v 35.121826 -1.951172 6.048584
v 35.121826 -1.170654 6.048584
v 35.121826 -1.170654 -4.877930
v 35.121826 -1.951172 -4.877930
v 35.902344 -1.170654 -4.877930
v 17.951172 -4.877934 -42.341309
v 29.658447 1.158444 -44.682861
v 29.670654 -1.658450 -44.682861
v 29.658447 1.158444 -44.682861
v 29.670654 -1.658450 -44.682861
v 17.951172 -4.585227 -44.682865
v 17.951172 -1.170657 -42.341309
v 17.951172 -1.170657 -36.097412
v 17.951172 1.158444 -44.682861
v 17.951172 1.158444 -36.097412
v 17.170654 -0.390140 -42.341309
v 17.170654 -5.073001 -42.341309
v 17.170654 -0.390141 -47.804688
v 17.170654 -5.073002 -47.804688
v 17.170654 -0.390139 -36.097412
v 17.170654 -0.390141 -47.804688
v 6.243896 -0.390140 -44.682861
v 6.243896 -0.390141 -47.804688
v -1.560791 -3.609622 -34.536377
v 7.036377 -0.390140 -36.097412
v 3.902344 -0.390140 -42.341309
v 4.695068 -0.390140 -34.536377
v -0.780273 -0.390140 -42.341309
v -0.780273 -0.390140 -34.536377
v 6.243896 -5.073002 -44.682861
v 3.902344 -5.073002 -42.341309
v -0.780273 -3.609622 -42.341309
v -1.560791 -5.073002 -42.341309
v 6.243896 -0.390141 -47.804688
v 6.243896 -5.073002 -47.804688
v 7.036377 -0.390140 -36.097412
v 7.036377 -5.073001 -36.097412
v 4.695068 -0.390140 -34.536377
v 4.695068 -5.073001 -34.536377
v -0.780273 -3.609622 -34.536377
v -1.560791 -5.073000 -34.536377
v -0.780273 -0.390140 -34.536377
v 17.170654 -0.390140 -36.097412
v 17.170654 -5.073001 -36.097412
v -0.780273 -0.390140 -42.341309
v -1.560791 -3.609622 -42.341309
v -1.951173 4.292478 -39.609863
v -2.341309 4.292478 -40.000000
v -2.341309 4.292477 -46.243896
v -2.341309 0.780269 -46.243896
v -1.951173 4.292477 -46.634277
v -1.951173 0.390133 -46.634277
v 0.390137 4.292477 -46.634277
v -1.951173 0.390134 -39.609863
v -2.341309 0.780270 -40.000000
v 0.390137 4.292478 -39.609863
v -1.560791 0.390133 -46.634277
v -1.560791 0.390134 -39.609863
v -1.951173 4.292478 -27.902344
v -2.341309 4.292478 -28.292480
v -2.341309 4.292477 -34.536377
v -2.341309 0.780269 -34.536377
v -1.951173 4.292477 -34.926758
v -1.951173 0.390133 -34.926758
v 0.390137 4.292477 -34.926758
v -1.951173 0.390134 -27.902344
v -2.341309 0.780270 -28.292480
v 0.390137 4.292478 -27.902344
v -1.560791 0.390133 -34.926758
v -1.560791 0.390134 -27.902344
v 0.390137 4.292476 -34.926758
v 0.000000 3.511961 -34.926758
v -1.560791 1.951169 -34.926758
v -1.560791 0.390134 -34.926758
v 0.390137 4.292476 -53.743896
v 0.000000 3.511961 -53.743896
v -1.560791 1.951169 -53.743896
v -1.560791 0.390134 -53.743896
v -1.560791 -5.073000 -31.414551
v -1.560791 -5.073001 -42.341309
v -1.560791 0.377928 -31.414551
v -1.560791 -5.073002 -47.804688
v -1.560791 0.377928 -47.804688
v -1.560791 -1.170657 -42.341309
v -1.560791 -5.073000 -34.536377
v -1.560791 -1.170657 -34.536377
v -1.560791 -5.073000 -26.731689
v -1.560791 0.377928 -27.902344
v -1.560791 4.292478 -26.731689
v -1.560791 4.292478 -27.902344
v -1.560791 -0.390139 -26.731689
v -7.804688 -0.390139 -26.731445
v -1.560791 4.292479 -26.731934
v -8.195068 4.292478 -26.731689
v 6.243896 3.511961 -25.158447
v 6.243896 -1.951174 -25.158447
v -1.560791 -0.390139 -25.158447
v -1.560791 -1.951174 -25.158447
v -7.804688 3.511961 -25.158447
v -7.804688 -0.390139 -25.158447
v 6.243896 4.292478 -25.548584
v -8.195068 4.292478 -25.548584
v -7.804688 -5.072999 -33.755859
v -7.804688 3.511960 -33.743896
v -7.804688 -5.072999 -23.609070
v -7.804688 3.511961 -23.597107
v -10.146240 -5.084963 -36.109375
v -10.146240 3.499998 -36.097412
v -8.207275 4.304685 -33.353516
v -10.548828 4.292722 -35.707031
v -7.804688 3.511961 -23.597107
v -8.207275 4.304685 -23.597107
v -14.048584 -5.084963 -36.109375
v -26.511963 3.499998 -36.097412
v -26.914551 4.292722 -35.707031
v -26.511963 -1.951175 -36.097412
v -46.829102 2.731686 -36.097412
v -46.829102 -1.951175 -36.097412
v -46.438965 -1.951175 -36.877930
v -46.438965 1.951169 -36.877930
v -46.829102 2.731686 -42.341309
v -46.438965 1.951169 -41.560791
v -46.829102 -1.951175 -42.341309
v -46.438965 -1.951175 -41.560791
v -46.829102 -1.951174 -34.341309
v -46.829102 3.511960 -34.341309
v -47.219482 4.292478 -34.536377
v -46.829102 -1.951174 -67.329102
v -46.829102 3.511960 -67.329102
v -47.219482 4.292478 -67.329102
v -49.950928 -1.951177 -70.438721
v -49.950928 3.511958 -70.438721
v -56.975586 -1.951178 -70.438965
v -56.975586 3.511714 -70.438965
v -56.975586 -1.951178 -75.902344
v -56.975586 3.511957 -75.902344
v -41.353516 -1.951178 -75.902344
v -41.353516 3.511957 -75.902344
v -41.365723 -1.951176 -57.951172
v -39.804688 3.511959 -56.390137
v -49.949463 4.292720 -70.048584
v -57.365723 4.292475 -70.048584
v -57.365723 4.292718 -76.292480
v -39.804688 -1.951175 -56.377930
v -40.975586 4.292718 -76.292480
v -41.365723 3.511957 -57.963379
v -40.975586 4.292718 -58.353516
v -39.414551 4.292719 -56.780273
v -30.438965 3.511715 -56.390137
v -30.438965 -1.951418 -56.377930
v -30.243652 4.292476 -56.780273
v -28.097412 3.511959 -54.048584
v -28.097412 -1.951174 -54.036377
v -27.707275 4.292476 -54.243896
v -28.097412 3.511959 -31.414551
v -27.707275 4.292476 -31.024170
v -32.000000 2.731685 -56.390137
v -38.243896 2.731685 -56.390137
v -32.000000 -1.951176 -56.390137
v -32.780273 -1.951176 -56.000000
v -32.780273 1.951168 -56.000000
v -38.243896 -1.951176 -56.390137
v -37.463379 -1.951176 -56.000000
v -37.463379 1.951168 -56.000000
v -28.097412 3.524167 -48.585205
v -28.097412 -1.951175 -48.585205
v -28.097412 2.731686 -42.341309
v -28.097412 -1.950931 -42.341309
v -28.097412 2.731686 -36.097412
v -28.097412 3.511959 -31.414551
v -28.097412 -1.951175 -36.097412
v -28.097412 -1.951175 -31.414551
v -26.536377 3.524167 -48.585205
v -26.536377 -1.951175 -48.585205
v -26.536377 2.731686 -42.341309
v -26.536377 -1.950931 -42.341309
v -26.536377 2.731686 -36.097412
v -26.536377 3.511959 -36.097412
v -26.914551 4.292722 -53.268066
v -26.536377 3.511959 -53.063965
v -37.853516 -0.390142 -56.195068
v -37.463379 -0.390141 -56.000000
v -37.853516 -0.390140 -45.853516
v -37.463379 -0.390140 -45.463379
v -37.853516 -1.170659 -56.195068
v -37.853516 -1.170658 -45.853516
v -37.463379 -1.951176 -56.000000
v -37.463379 -1.951175 -45.463379
v -40.585205 -0.390140 -45.853516
v -40.585205 -0.390140 -45.463379
v -40.585205 -1.170658 -45.853516
v -40.585205 -1.170658 -45.463379
v -46.829102 -1.951175 -45.463379
v -43.707275 -1.170658 -45.853516
v -43.707275 -0.390140 -45.853516
v -43.707275 -0.390140 -45.463379
v -43.707275 -1.170658 -45.463379
v -46.829102 -0.390140 -45.463379
v -46.829102 -1.170658 -45.853516
v -46.829102 -0.390140 -45.853516
v -43.707275 -0.390140 -45.853516
v -43.707275 -0.390140 -45.463379
v -46.829102 -0.390140 -45.463379
v -46.829102 -0.390140 -45.853516
v -46.829102 -1.170658 -45.853516
v -37.853516 -1.170658 -45.853516
v -46.829102 -1.170658 -56.390137
v -37.853516 -1.170658 -56.390137
v -43.707275 -1.170658 -45.853516
v -40.585205 -1.170658 -45.853516
v -43.707275 -1.170658 -45.463379
v -40.585205 -1.170658 -45.463379
v -39.804688 -1.170658 -56.390137
v -37.853516 -1.170657 -51.121826
v -46.829102 -1.170658 -67.316895
v -41.365723 -1.170658 -57.951172
v -41.365723 -1.170660 -75.902344
v -49.951172 -1.170659 -70.438965
v -56.975586 -1.170416 -75.902344
v -56.975586 -1.170659 -70.438965
v -46.438965 5.072994 -49.755859
v -46.438965 -1.170658 -49.755859
v -46.048584 5.072994 -50.146240
v -46.048584 -1.170658 -50.146240
v -46.048584 5.072994 -56.390137
v -46.048584 -1.170659 -56.390137
v -46.438965 5.072994 -56.780273
v -46.438965 -1.170659 -56.780273
v -53.072998 5.072994 -56.780273
v -53.072998 -1.170659 -56.780273
v -53.072998 5.072994 -49.755859
v -53.072998 -1.170658 -49.755859
v -50.341309 5.072992 -75.511963
v -50.341309 -1.170660 -75.511963
v -49.951172 5.072992 -75.121826
v -49.951172 -1.170660 -75.121826
v -43.707275 5.072992 -75.121826
v -43.707275 -1.170660 -75.121826
v -50.341309 5.072992 -78.243896
v -50.341309 -1.170660 -78.243896
v -43.316895 5.072992 -75.511963
v -43.316895 -1.170660 -75.511963
v -43.316895 5.072992 -78.243896
v -43.316895 -1.170660 -78.243896
v -48.780273 -1.951174 -32.390137
v -48.780273 3.511960 -32.390137
v -48.780273 4.292478 -32.975586
v -7.804688 1.951174 28.682861
v -4.682861 1.170655 13.853516
v -4.289551 6.634034 13.853514
v -7.804688 1.170655 13.853516
v -7.804688 6.634034 13.853515
v -17.170654 1.951175 38.829102
v -17.170654 5.853519 38.829102
v -17.170654 5.853518 28.682861
v -17.170654 1.170656 28.682861
v -19.121826 2.731692 30.243896
v -16.780273 2.731447 30.243896
v -19.121826 3.603763 30.402344
v -16.780273 3.603518 30.402344
v -19.121826 4.390384 30.926758
v -16.780273 4.390140 30.926758
v -19.121826 4.892093 31.679199
v -16.780273 4.891849 31.679199
v -19.121826 5.073245 32.585205
v -16.780273 5.073000 32.585205
v -19.121826 4.892093 33.491455
v -16.780273 4.891849 33.491455
v -19.121826 4.390384 34.243896
v -16.780273 4.390140 34.243896
v -19.121826 3.603763 34.768066
v -16.780273 3.603519 34.768066
v -19.121826 2.731936 34.926758
v -16.780273 2.731692 34.926758
v -19.121826 1.170901 34.926758
v -16.780273 1.170657 34.926758
v -19.121826 1.170900 30.243896
v -16.780273 1.170656 30.243896
v -16.780273 5.073000 30.243896
v -16.780273 2.731447 30.243896
v -16.780273 3.603518 30.402344
v -16.780273 4.390140 30.926758
v -16.780273 4.891849 31.679199
v -16.780273 5.073000 32.585205
v -16.780273 5.073001 34.926758
v -16.780273 5.073000 32.585205
v -16.780273 4.891849 33.491455
v -16.780273 4.390140 34.243896
v -16.780273 3.603519 34.768066
v -16.780273 2.731692 34.926758
v -19.121826 5.073000 30.243896
v -19.121826 2.731447 30.243896
v -19.121826 3.603518 30.402344
v -19.121826 4.390140 30.926758
v -19.121826 4.891849 31.679199
v -19.121826 5.073000 32.585205
v -19.121826 5.073001 34.926758
v -19.121826 5.073000 32.585205
v -19.121826 4.891849 33.491455
v -19.121826 4.390140 34.243896
v -19.121826 3.603519 34.768066
v -19.121826 2.731692 34.926758
v -8.963379 6.634035 24.780273
v -8.975586 6.634034 13.853515
v -3.902100 6.634035 24.780273
v -8.963379 6.634035 24.780273
v -4.289551 6.634035 13.853515
v -8.963379 6.634035 13.853515
v -26.926758 6.634035 19.707275
v -9.755859 6.634034 12.348784
v -9.755859 6.634034 -3.516002
v -29.268066 6.634033 -3.707275
v -8.975586 6.640136 -22.438965
v -10.926758 -1.951172 -1.755859
v -7.804688 -1.951172 -1.755859
v -25.365723 6.634033 -22.438965
v -25.365723 6.634033 -13.853518
v -29.268066 6.621827 10.341307
v -30.438965 6.634034 10.731688
v -30.048584 6.634034 10.341308
v -30.438965 6.634035 16.975586
v -30.048584 6.634035 17.365723
v -29.268066 6.634035 17.365723
v 43.707275 -6.634032 13.072999
v 43.707275 -1.951171 13.072998
v 43.707275 -1.951171 6.829102
v 35.902344 -6.634032 13.072999
v 35.902344 -1.951171 13.072998
v 35.902344 -4.390137 6.048584
v 35.902344 -4.390137 6.829103
v 36.097412 -3.365722 6.048584
v 36.097412 -3.365722 6.829103
v 36.594482 -2.620116 6.048584
v 36.594482 -2.620116 6.829102
v 37.317627 -2.119385 6.048584
v 37.317627 -2.119385 6.829102
v 38.243896 -1.951172 6.048584
v 38.243896 -1.951172 6.829102
v 35.902344 -1.951172 6.048584
v 35.902344 -4.390137 6.048584
v 36.097412 -3.365722 6.048584
v 36.594482 -2.620116 6.048584
v 37.317627 -2.119385 6.048584
v 38.243896 -1.951172 6.048584
v 43.707275 -4.390137 6.829103
v 43.707275 -4.390137 6.048584
v 43.511963 -3.365722 6.829103
v 43.511963 -3.365722 6.048584
v 43.014893 -2.620116 6.829102
v 43.014893 -2.620116 6.048584
v 42.291992 -2.119628 6.829102
v 42.291992 -2.119628 6.048584
v 41.365723 -1.951172 6.829102
v 41.365723 -1.951172 6.048584
v 43.707275 -1.951172 6.048584
v 35.902344 -1.951172 6.829102
v 35.902344 -4.390137 6.829103
v 36.097412 -3.365722 6.829103
v 36.594482 -2.620116 6.829102
v 37.317627 -2.119385 6.829102
v 38.243896 -1.951172 6.829102
v 41.365723 -1.951172 6.829102
v 43.707275 -1.951171 13.072998
v 35.902344 -1.951171 6.829102
v 35.902344 -1.951171 13.072998
v 35.902344 -6.634032 6.829102
v 35.902344 -6.634032 13.072999
v 44.097412 -0.390137 6.048584
v 48.390137 -0.390137 6.048584
v 44.097412 -0.390137 -6.438964
v 48.390137 -0.390137 -6.438964
v 44.097412 -0.390137 -9.560791
v 48.390137 -0.390137 -9.560791
v 44.097412 -0.390137 -12.682861
v 48.390137 -0.390137 -12.682861
v 48.390137 -0.390137 -6.438964
v 48.390137 -0.390137 -9.560791
v 44.487793 -0.390137 -6.438964
v 44.487793 -0.390137 -9.560791
v 44.097412 -0.000001 -9.560791
v 44.097412 -0.000001 -12.682861
v 43.707275 -0.000001 -9.560791
v 43.707275 -0.000001 -12.682861
v 43.707275 -1.560793 -9.560791
v 43.707275 -1.560793 -12.682861
v 44.097412 -0.000000 6.048584
v 44.097412 -0.000000 -6.438965
v 43.707275 -0.000000 6.048584
v 43.707275 -0.000000 -6.438965
v 43.707275 -1.560793 6.048584
v 43.707275 -1.560793 -6.438965
v 32.780273 -1.951170 10.731689
v 32.780273 4.292482 10.731689
v 32.780273 5.072999 11.121826
v -29.268311 4.292478 -31.024170
v -29.658447 3.511961 -31.414551
v -29.658447 -1.951173 -31.414551
v -28.097412 3.511961 -31.414551
v -28.097412 -1.951173 -31.414551
v -33.951172 4.292478 -26.341309
v -34.341309 3.511961 -26.731689
v -34.341309 -1.951172 -26.731689
v -33.951172 4.292478 -24.780273
v -34.341309 3.511961 -25.170654
v -34.341309 -1.951172 -25.170654
v -34.341309 -1.951174 -25.170654
v -7.804688 1.951174 28.682861
v 4.682861 -1.951170 28.682861
v 4.682861 -1.170652 28.682861
v 4.682861 -1.170652 29.463379
v 4.682861 -1.951170 29.463379
v -7.804688 1.951174 29.463379
v -7.804688 1.170656 29.463379
v -17.170654 1.951174 29.463379
v -7.804688 -1.951170 28.682861
v -17.170654 1.170656 29.463379
v 18.109619 0.481691 27.902344
v 17.951172 -0.390135 27.902344
v 21.951172 1.268313 27.902344
v 22.475586 0.481447 27.902344
v 22.634033 -1.951170 27.902344
v 22.634033 -1.951170 22.829102
v 17.951172 -1.951170 22.829102
v 17.951172 -1.951170 27.902344
v 17.951172 -0.390135 22.829102
v 18.634033 1.268068 27.902344
v 18.109619 0.481691 22.829102
v 21.951172 1.268313 22.829102
v 22.475586 0.481447 22.829102
v 22.634033 -0.390135 22.829102
v 22.634033 -0.390135 27.902344
v 20.292480 1.951174 27.902344
v 21.198730 1.769777 27.902344
v 18.634033 1.268068 22.829102
v 19.386475 1.769777 22.829102
v 19.386475 1.769777 27.902344
v 21.198730 1.769777 22.829102
v 20.292480 1.951174 22.829102
v 25.755859 5.072999 5.268065
v 25.755859 5.853517 5.268311
v 25.365723 6.634034 5.658446
v 16.390137 5.072999 5.268065
v 16.390137 5.853517 5.268311
v 16.000000 6.634034 5.658446
v 25.755859 5.072999 20.097168
v 25.755859 5.853518 20.097414
v 25.365723 6.634035 20.487549
v 32.780273 5.072999 20.097412
v 32.780273 5.853518 20.097658
v 32.780273 6.634035 20.487793
v 16.390137 5.072998 -0.195314
v 16.390137 5.853516 -0.195068
v 16.000000 6.634033 0.195067
v 14.438965 5.072998 -0.195314
v 14.438965 5.853516 -0.195068
v 14.438965 6.634033 0.195067
v 17.170654 2.731689 6.048584
v 17.170654 -1.951172 -3.316895
v 17.170654 2.731689 -3.316895
v 17.170654 -1.951172 6.048584
v 23.414551 2.731689 -3.316895
v 23.414551 2.731689 6.048584
v 23.414551 -1.951171 -3.316895
v 23.414551 -1.951171 6.048583
v 16.780273 5.072997 -12.682861
v -7.804688 6.634033 -1.755859
v -10.926758 6.620570 -1.755859
v -7.804688 -1.951172 -4.865417
v -10.536377 7.414550 -4.487793
v -8.195068 7.414551 -2.146240
v -10.926758 6.634033 -4.877931
v -8.195068 7.414550 -4.487793
v -7.804688 6.620569 -4.865417
v -10.536377 7.414551 -2.146240
v -9.365723 -1.951171 12.348785
v -9.365723 3.511964 12.348785
v -57.755859 4.292478 -32.975586
v -38.634033 -1.951175 -29.853516
v -37.463379 -1.951175 -28.682861
v -37.463379 -1.951174 -25.170654
v -38.634033 3.511961 -29.853516
v -37.463379 3.511961 -28.682861
v -37.463379 3.511962 -25.170654
v -8.975586 5.871824 -22.829102
v -8.975586 4.298581 -22.829102
v -25.755859 4.292478 -22.829102
v -46.829102 4.292478 -24.780273
v -46.829102 3.511961 -25.170654
v -25.755859 4.292478 -14.243896
v -46.829102 4.292478 -14.243896
v -45.268066 4.292479 -23.219482
v -45.268066 8.195066 -23.219482
v -45.658447 4.292479 -23.609619
v -45.658447 8.195066 -23.609619
v -51.902344 4.292479 -23.609619
v -51.902344 8.195066 -23.609619
v -45.268066 6.634033 -8.780275
v -45.268066 8.195066 -8.780275
v -40.585205 6.634033 -8.780274
v -40.585205 8.195066 -8.780274
v -45.268066 4.292479 -14.243896
v -40.195068 -1.170654 -3.316895
v -40.195068 5.853515 -3.316896
v -50.341309 8.195070 20.877930
v -45.268066 5.865722 -14.243896
v -51.902344 8.195066 -23.609619
v -45.658447 8.195066 -23.609619
v -40.585205 8.195068 -1.755860
v -40.195068 8.195068 -2.146241
v -46.829102 8.195068 -1.755860
v -40.195068 8.195066 -8.390138
v -45.268066 8.195066 -8.780275
v -40.585205 8.195066 -8.780274
v -46.829102 8.195070 20.877930
v -50.341309 8.195070 20.877930
v -45.268066 8.195066 -23.219482
v -25.755859 4.292479 -14.243896
v -25.755859 5.865722 -14.243896
v -45.268066 6.634032 -13.853517
v -25.365723 6.646239 -13.853517
v -45.268066 6.634032 -3.707275
v -29.268066 6.634032 -3.707275
v -25.755859 5.865722 -22.829102
v -25.365723 6.646239 -22.438721
v -10.926758 1.951170 -20.487549
v -7.804688 1.951170 -20.487549
v -7.791100 6.634033 -20.500061
v -10.926758 6.620570 -20.500061
v -7.804688 1.951170 -23.597107
v -10.536377 7.414550 -23.219482
v -8.195068 7.414551 -20.877930
v -10.926758 6.634033 -23.609619
v -8.195068 7.414550 -23.219482
v -7.804688 6.620569 -23.609619
v -10.536377 7.414551 -20.877930
v -10.926758 1.951171 -23.603363
v -27.707275 4.292477 -31.024170
v -46.829102 4.292478 -24.780273
v -25.755859 4.292478 -22.829102
v -46.829102 4.292478 -22.829102
v -29.268311 6.634036 18.926758
v -28.487793 6.634035 19.707275
v -26.926758 6.634035 19.707275
v -29.268066 6.634035 17.365723
v -29.268066 6.634032 -3.707275
v -26.536377 1.951170 -20.487549
v -23.414307 1.951170 -20.487549
v -23.400719 6.634033 -20.500061
v -26.536377 6.620570 -20.500061
v -23.414307 1.951170 -23.597107
v -26.145996 7.414550 -23.219482
v -23.804688 7.414551 -20.877930
v -26.536377 6.634033 -23.609619
v -23.804688 7.414550 -23.219482
v -23.414307 6.620569 -23.609619
v -26.145996 7.414551 -20.877930
v -26.536377 1.951171 -23.603363
v -40.195068 5.853516 -3.316896
v -34.341309 2.731689 -3.316896
v -40.195068 6.621827 -3.707275
v -29.646240 5.853516 -3.316896
v -29.646240 -1.951171 -3.316896
v -40.195068 5.853516 -3.316896
v -40.195068 -1.951171 -3.316896
v -34.341309 -1.951171 -3.316896
v -37.463379 -1.951171 -3.316896
v -37.463379 2.731689 -3.316896
v -7.804688 -4.682862 -22.048584
v -7.804688 -4.682862 -18.926758
v -7.804688 -1.560793 -18.926758
v -7.804688 -1.560793 -22.048584
v -7.804688 1.951170 -23.597107
v -7.804688 -5.072999 -17.316895
v -7.804688 -5.073000 -23.609070
v -7.804688 1.926757 -17.316895
v -7.804688 1.926757 -20.487793
v -7.804688 1.926757 -4.877930
v -8.585205 5.048583 -20.487793
v -8.585205 5.048583 -4.877930
v -8.585205 5.865722 -20.487793
v -8.585205 5.865722 -4.877930
v -8.975586 6.646239 -20.487793
v -8.975586 6.646239 -4.877930
v -7.804688 -1.951172 -4.865417
v -7.804688 1.926757 -4.865417
v -4.289551 6.633790 9.365722
v -3.902100 6.646242 24.780273
v -2.719238 6.646242 25.951172
v -2.926758 6.633790 7.999755
v -4.289551 6.634035 13.853514
v 44.487793 -0.390137 -6.438964
v 44.487793 -0.390137 -9.560791
v 44.487793 -1.560793 -9.560791
v 44.487793 -1.560793 -6.438965
v -49.951172 6.634036 39.219482
v -49.951172 6.634036 51.316895
v 1.951172 6.634036 39.219482
v -1.937988 6.634036 51.316895
v 14.438965 6.634036 36.097412
v 1.951172 6.634036 39.219482
v 14.439208 6.634036 38.871788
v 16.000000 6.634036 23.609619
v 23.804688 6.634036 23.609619
v 14.439208 6.634036 25.170654
v 23.804688 6.634036 31.191845
v 34.341309 6.634034 6.048584
v 51.511963 6.634034 6.048584
v 32.780273 6.634034 7.609619
v 32.780273 6.634035 24.335386
v 51.511963 6.634034 9.119339
v 14.439208 6.634036 38.871788
v 25.365723 6.634035 20.487549
v 32.780273 6.634035 20.487793
v 23.804688 6.634036 23.609619
v 23.804688 6.634036 31.191845
v 32.780273 6.634035 24.335386
v 25.365723 6.634035 20.487549
v -33.170410 8.207278 50.146240
v -32.780273 5.853519 49.755859
v -32.780273 7.426761 49.755859
v -33.170410 8.207278 51.316895
v -32.780273 5.853519 51.316895
v -32.780273 7.426761 51.316895
v -50.341309 8.207278 51.316895
v 1.951172 6.634036 39.219482
v -1.937988 6.634036 51.316895
v 14.439208 6.634036 38.871788
v -8.195068 4.292478 -26.731689
v -8.195068 4.292478 -25.548584
v -1.560791 4.292478 -26.731689
v 0.390137 4.292476 -61.072998
v 7.804688 4.292476 -61.072998
v 0.390137 4.292478 -27.902344
v 6.243896 4.292478 -25.548584
v 7.804688 4.292478 -27.902344
v -1.560791 4.292478 -27.902344
v 43.707275 0.820414 -61.072998
v 29.658447 0.820414 -61.072998
v 29.658447 6.634032 -61.072998
v 43.707275 6.634028 -61.072998
v 36.190548 5.546679 -61.072998
v 36.190548 0.820414 -61.072998
v 41.799931 0.820414 -61.072998
v 41.799931 5.546679 -61.072998
v -1.560791 -1.951172 -4.877930
v -1.170654 -1.951172 -4.877930
v -1.170654 -1.951174 -25.170654
v -1.560791 -1.182861 -4.877930
v -1.170654 -1.182861 -4.877930
v -1.170654 -1.182863 -25.170654
v -1.560791 -1.182863 -25.170654
v -1.560791 -5.073000 -25.170654
v -1.560791 -5.072999 -17.341309
v -38.634033 -1.951175 -29.853516
v -46.829102 -1.951175 -29.853516
v -38.634033 3.511961 -29.853516
v -46.829102 3.511961 -29.853516
v -42.146240 -1.170655 -29.853516
v -45.268066 -1.170655 -29.853516
v -42.146240 2.731688 -29.853516
v -45.268066 2.731688 -29.853516
v -35.609619 4.292597 -78.243896
v -57.365723 4.292718 -76.292480
v -57.755859 4.292597 -78.243896
v -57.365723 4.292475 -70.048584
v -57.755859 4.292475 -70.048584
v -57.365723 4.292718 -70.048584
v -57.755859 4.292597 -70.048584
v 14.438965 6.634034 5.646240
v 16.000000 6.634034 5.658446
v 16.000000 6.634033 0.195067
v 14.438965 6.634033 0.195067
v 14.042480 5.853517 6.036377
v 14.438965 6.634034 5.646240
v 14.042480 5.853517 2.146240
v 14.438965 6.634034 1.756103
v 14.438965 6.634033 1.755859
v 7.414551 6.634033 0.981689
v 14.438965 6.634033 0.981689
v 14.438965 6.634033 -4.487793
v 14.048584 6.634033 -4.877931
v 12.877930 6.634033 0.981689
v 14.438965 6.634033 0.981689
v 12.877930 6.634033 -4.877931
v 11.316895 6.634029 -48.975586
v 11.316895 6.634029 -41.951172
v 4.292480 6.634030 -41.951172
v 4.292480 6.634029 -48.975586
v 28.097412 6.634029 -53.268066
v 29.658447 6.634028 -54.829102
v 29.658447 6.634028 -61.072998
v 10.926758 6.634029 -53.268066
v 4.682861 6.634028 -61.072998
v 20.292480 5.072997 -16.195068
v 35.511963 5.072995 -16.195068
v 35.511963 5.072995 -35.707275
v 17.560791 5.072997 -35.707275
v 17.560791 5.072997 -20.487793
v 13.268066 5.853515 -17.749756
v 1.560791 5.853515 -18.926758
v 1.557861 -1.951173 -18.932861
v 20.679932 -1.951174 -20.487793
v 1.560791 5.853516 -0.195069
v 3.121826 -1.951173 -20.487793
v 20.682861 5.853515 -20.487793
v 3.124756 5.853515 -20.487793
v 20.682861 5.853514 -17.756102
v 20.682861 5.072996 -17.762205
v 20.682861 -1.951174 -20.487793
v 13.268066 5.072997 -17.755859
v 20.292480 6.634032 -18.146240
v 20.292480 6.634032 -20.097412
v 12.877930 6.634032 -18.146240
v 1.951172 6.634032 -18.731689
v 3.316895 6.634032 -20.097412
v 1.951172 6.634033 -0.585205
v 3.118896 -1.938965 1.359620
v 3.121826 5.865723 1.365723
v 3.512207 6.646240 0.975586
v 7.417481 5.853516 1.371826
v 7.414551 6.634033 0.981689
v 7.414551 -1.951172 1.365723
v 12.877930 6.634033 0.981689
v 13.268066 5.853516 -4.877931
v 13.268066 5.072998 -4.884035
v 1.557861 -1.951172 -0.201172
v 12.877930 6.634033 -4.877931
v 36.682861 5.072993 -60.682861
v 36.682861 1.170650 -60.682861
v 42.146240 5.853511 -61.072998
v 41.365723 5.072993 -60.682861
v 41.365723 1.170650 -60.682861
v 35.902344 5.853513 -61.072998
v 35.902344 1.170649 -61.072998
v 42.146240 1.170649 -61.072998
v 17.560791 0.390133 -36.097412
v 3.115723 5.853519 35.707275
v 3.121826 -1.951169 35.707275
v 14.042480 5.853519 35.707275
v 14.048584 -1.951169 35.707275
v -40.975586 4.292718 -76.292480
v -40.975586 4.292718 -58.353516
v -39.414551 4.292719 -56.780273
v -30.243652 4.292476 -56.780273
v -29.268311 4.292478 -31.024170
v -33.951172 4.292478 -26.341309
v -33.951172 4.292478 -24.780273
v -8.207275 4.304685 -22.829102
v -10.548828 4.292722 -35.707031
v -8.207275 4.304686 -33.353516
v -38.634033 3.511961 -29.853516
v -37.463379 3.511961 -28.682861
v -37.463379 3.511962 -25.170654
v -46.829102 3.511961 -29.853516
v -46.807266 3.511961 -25.170654
v -45.268066 4.292479 -23.219482
v -45.268066 8.195066 -23.219482
v -45.268066 6.634033 -8.780275
v -45.268066 8.195066 -8.780275
v -45.268066 4.292478 -14.243896
v -25.755859 4.304685 -22.829102
v -26.914551 4.304685 -35.707275
v -35.609619 4.292597 -78.243896
v -26.914551 4.304685 -54.243896
v -27.707275 4.292477 -54.243896
v -27.707275 4.292477 -31.024170
v -9.365723 -1.951171 10.731689
v -7.804688 -1.951171 10.731689
v -10.938965 6.634034 10.731688
v -7.804688 1.951173 13.853516
v -7.804688 6.634034 13.853515
v -10.548584 7.414552 11.121825
v -7.804688 6.634034 10.731688
v -10.548584 7.414552 13.475585
v -8.195068 7.414552 13.475585
v -10.938965 6.634034 13.853515
v -8.195068 7.414552 11.121825
v 43.707275 -1.560791 -4.877931
v 43.707275 -1.560792 13.072998
v 43.707275 -6.634032 7.609620
v 43.707275 -6.634032 13.072999
v -45.268066 1.963380 13.853515
v -46.829102 8.195069 13.072997
v -45.268066 1.963380 -1.755859
v -46.829102 8.195069 -1.755859
v -46.048584 4.695069 13.072998
v -46.048584 4.695069 -1.755859
v -46.829102 7.414552 13.072996
v -46.829102 7.414552 -1.755860
vn -0.0000 -0.0000 1.0000
vn -0.0000 0.4471 0.8945
vn 1.0000 -0.0000 -0.0000
vn -0.1961 -0.9806 -0.0000
vn -0.8321 -0.5547 -0.0000
vn 0.9839 -0.1788 -0.0000
vn 0.5546 -0.8321 -0.0000
vn -1.0000 -0.0000 -0.0000
vn -0.9839 -0.1788 -0.0000
vn -0.5546 -0.8321 -0.0000
vn 0.1961 -0.9806 -0.0000
vn 0.8320 -0.5547 -0.0000
vn 0.7071 -0.0000 0.7071
vn -0.0000 -0.0000 -1.0000
vn -0.7069 -0.0000 0.7073
vn 0.7071 -0.0000 -0.7071
vn 0.7069 -0.0000 0.7073
vn -0.7071 -0.0000 0.7071
vn -0.7073 -0.0000 -0.7069
vn -0.0000 1.0000 -0.0000
vn -0.0078 1.0000 0.0003
vn -0.0153 0.9999 0.0008
vn -0.0155 0.9999 0.0006
vn -0.0152 0.9999 0.0009
vn -0.9155 -0.0000 0.4022
vn -0.9239 -0.0000 0.3826
vn -0.3827 -0.0000 0.9239
vn -0.8945 0.4471 -0.0000
vn 0.0045 1.0000 -0.0000
vn -0.7072 -0.0000 -0.7071
vn -0.7072 -0.0000 0.7071
vn -0.8944 0.4473 -0.0000
vn -0.4248 0.7995 0.4248
vn -0.4248 0.7995 -0.4248
vn 0.8944 0.4473 -0.0000
vn 0.4248 0.7995 -0.4248
vn 0.4248 0.7995 0.4248
vn -0.0000 0.4473 -0.8944
vn -0.0000 0.4473 0.8944
vn 0.6666 0.3334 0.6666
vn -0.0001 0.4499 -0.8931
vn -0.0000 0.4471 -0.8945
vn 0.0004 1.0000 -0.0001
vn 0.0029 1.0000 0.0002
vn -0.7073 -0.0000 0.7069
vn 0.7069 -0.0000 -0.7073
vn -0.0000 -1.0000 -0.0031
vn 0.7066 -0.0000 -0.7076
vn 0.5778 0.5774 -0.5769
vn 1.0000 -0.0000 0.0001
vn 0.7073 -0.0000 0.7069
vn 0.8940 0.4481 0.0002
vn 0.6247 0.4685 -0.6247
vn -0.0001 0.4473 -0.8944
vn -0.7071 -0.0000 -0.7071
vn -0.6247 0.4685 -0.6247
vn 0.0001 0.4473 -0.8944
vn -0.8952 0.4457 0.0009
vn 0.8959 0.4442 -0.0007
vn 0.7072 -0.0000 0.7071
vn 0.8945 -0.0000 -0.4471
vn 0.9854 0.1205 -0.1205
vn 0.9688 0.1753 -0.1752
vn 0.9733 -0.0000 0.2297
vn 0.9688 0.1753 0.1752
vn 0.9854 0.1205 0.1205
vn 0.8945 -0.0000 0.4471
vn 0.7071 -0.0000 0.7072
vn -0.0000 -1.0000 -0.0000
vn 0.8972 0.4416 -0.0000
vn 0.5829 0.5684 0.5806
vn 0.0003 0.4389 0.8985
vn -0.5774 0.5774 0.5773
vn 0.8944 -0.0000 0.4473
vn 0.9871 -0.0000 0.1599
vn 0.9732 -0.0000 0.2298
vn 0.9732 -0.0000 -0.2298
vn 0.9871 -0.0000 -0.1599
vn 0.8943 -0.0000 -0.4474
vn 0.9854 0.1206 0.1206
vn 0.9428 0.2358 0.2358
vn 0.9428 0.2358 -0.2358
vn -0.9428 0.2356 0.2356
vn -0.8944 -0.0000 -0.4472
vn 0.8944 -0.0000 -0.4473
vn -0.8945 -0.0000 0.4471
vn 0.9685 -0.0000 0.2492
vn -0.0013 0.0009 -1.0000
vn -0.8999 0.4360 -0.0000
vn -0.0000 0.4360 0.8999
vn 0.8916 0.4529 -0.0000
vn -0.0013 0.4492 -0.8934
vn -0.0000 0.2426 0.9701
vn -0.0000 0.1222 0.9925
vn -0.0000 0.2268 0.9739
vn -0.0000 0.4418 0.8971
vn 0.1954 0.9490 0.2474
vn 0.5523 0.1891 0.8119
vn 0.9697 0.2444 -0.0000
vn -1.0000 -0.0009 0.0001
vn -0.7072 -0.0006 -0.7070
vn -0.5758 0.5803 -0.5758
vn -0.8916 0.4529 -0.0000
vn -1.0000 -0.0008 -0.0000
vn -0.7071 -0.0006 -0.7071
vn -1.0000 -0.0004 -0.0000
vn -0.0019 -0.0000 1.0000
vn -0.0007 0.4474 0.8943
vn -0.0007 0.0003 1.0000
vn -0.7085 -0.0003 0.7057
vn -0.5770 0.5804 0.5747
vn -0.8945 -0.0000 -0.4471
vn -0.8641 0.5033 -0.0000
vn -0.0000 0.4582 0.8889
vn -0.5774 0.5772 0.5774
vn -0.8945 0.4471 -0.0001
vn -1.0000 -0.0000 -0.0001
vn 0.6569 0.3750 0.6541
vn 0.9614 0.2751 0.0004
vn 0.9238 -0.0000 0.3828
vn 0.9242 -0.0000 0.3819
vn 0.3826 -0.0000 0.9239
vn 0.3846 -0.0000 0.9231
vn 0.8931 0.4499 -0.0001
vn 0.0005 0.2745 0.9616
vn 0.9618 0.2736 0.0043
vn -0.0000 0.7071 0.7071
vn -1.0000 -0.0041 -0.0003
vn -0.5547 -0.0000 -0.8320
vn -0.7071 -0.7071 -0.0000
vn -0.7071 0.7071 -0.0000
vn 0.7089 0.0010 -0.7053
vn 0.5773 0.5775 -0.5773
vn 0.8916 0.4528 -0.0000
vn -0.0000 0.4418 -0.8971
vn -0.0000 0.0014 -1.0000
vn -0.0010 -0.0000 -1.0000
vn 0.8945 0.4471 -0.0000
vn 0.7057 -0.0000 -0.7085
vn -1.0000 -0.0000 -0.0007
vn 0.6655 0.3327 -0.6681
vn 0.8945 0.4470 -0.0000
vn -0.0000 0.4470 0.8945
vn -0.8974 0.4412 -0.0003
vn -0.7099 0.0016 0.7043
vn -0.5797 0.5771 0.5752
vn -0.0000 0.0022 1.0000
vn -0.6247 0.4685 0.6247
vn -0.7071 0.0016 0.7071
vn 0.2357 0.2357 0.9428
vn -0.2356 0.2356 0.9428
vn -0.1752 0.1752 0.9688
vn 0.1753 0.1752 0.9688
vn 0.4472 -0.0000 0.8944
vn -0.2297 -0.0000 0.9733
vn -0.4471 -0.0000 0.8945
vn 0.9000 0.4359 -0.0000
vn 0.6247 0.4686 0.6247
vn 0.5761 0.8174 -0.0000
vn -0.0000 -0.1788 0.9839
vn -0.0001 -0.5547 0.8321
vn -0.0001 -0.8320 0.5548
vn -0.0001 -0.9806 0.1961
vn -0.0001 -0.9806 -0.1960
vn -0.0001 -0.8320 -0.5548
vn -0.0001 -0.5545 -0.8322
vn -0.0000 -0.1791 -0.9838
vn -0.0003 1.0000 0.0002
vn -0.0004 1.0000 -0.0000
vn -0.0002 1.0000 0.0001
vn -0.0011 0.4443 0.8959
vn 0.0078 1.0000 -0.0009
vn 0.9823 -0.1871 -0.0000
vn 0.8321 -0.5547 -0.0000
vn 0.5693 -0.8221 -0.0000
vn 0.1787 -0.9839 -0.0000
vn -0.9823 -0.1873 -0.0000
vn -0.5692 -0.8222 -0.0000
vn -0.1789 -0.9839 -0.0000
vn -0.5773 0.5774 -0.5773
vn 0.6356 0.4963 0.5913
vn 0.6356 0.4963 -0.5913
vn 0.1853 0.7414 -0.6450
vn 0.1156 0.4625 0.8791
vn -0.9960 -0.0898 -0.0000
vn 0.9960 -0.0898 -0.0000
vn 0.9272 -0.3746 -0.0000
vn 0.7071 -0.7071 -0.0000
vn -0.9272 -0.3745 -0.0000
vn 0.3828 -0.9238 -0.0000
vn -0.3827 -0.9239 -0.0000
vn -0.0000 0.0003 -1.0000
vn 0.0031 0.4383 -0.8988
vn 0.8959 0.4442 -0.0011
vn -0.8959 0.4443 0.0011
vn 0.0040 -0.0000 -1.0000
vn 0.0001 1.0000 -0.0000
vn -0.0002 0.4528 -0.8916
vn -0.0001 0.4502 -0.8929
vn -0.0003 1.0000 0.0005
vn -0.0000 0.0027 1.0000
vn -0.0011 0.4327 0.9015
vn 1.0000 -0.0015 -0.0022
vn 0.0011 0.4440 -0.8960
vn 0.8928 0.4504 -0.0033
vn -0.8959 0.4442 0.0011
vn 0.0010 -0.0020 -1.0000
vn -0.0001 1.0000 0.0002
vn 0.8928 0.4505 -0.0033
vn -0.0000 0.4530 0.8915
vn 0.9701 0.2426 -0.0000
vn -0.0000 -0.0001 -1.0000
vn -0.0000 1.0000 -0.0007
vn -0.0001 1.0000 -0.0001
vn 0.0041 1.0000 -0.0004
vn 0.0011 1.0000 -0.0012
vn -0.0027 1.0000 -0.0007
vn -0.0000 1.0000 -0.0001
vn -0.0003 1.0000 -0.0000
vn -1.0000 0.0004 -0.0000
vn -0.7058 0.0005 -0.7085
vn 0.0009 -0.0078 1.0000
vn 0.0004 0.4502 0.8929
vn -0.6247 0.4676 -0.6253
vn -0.5796 0.5773 0.5751
vn -0.7071 -0.0003 0.7072
vn -0.0042 1.0000 -0.0003
vn -0.0014 -0.0008 1.0000
vn 0.0007 1.0000 -0.0003
vn 0.4471 -0.0000 0.8945
vn 0.0007 1.0000 -0.0001
vn -0.0015 1.0000 -0.0000
vn -0.0154 0.9999 -0.0000
vn -0.0101 0.9999 0.0009
vn -0.0000 0.4358 0.9000
vn 0.9615 0.2747 -0.0000
vn 0.9612 0.2759 -0.0000
vn -0.0000 1.0000 -0.0009
vn -0.0051 1.0000 -0.0000
vn -0.0000 1.0000 -0.0015
vn -0.0010 1.0000 -0.0010
s 0
usemtl rock
f 861//209 874//209 872//209
f 864//209 873//209 875//209
f 869//210 861//210 864//210 863//210
f 870//209 867//209 861//209
f 861//209 866//209 874//209
f 872//209 870//209 861//209
f 864//209 867//209 871//209
f 864//209 871//209 873//209
f 875//209 868//209 864//209
f 866//211 862//211 886//211 876//211
f 871//212 867//212 877//212 880//212
f 875//213 873//213 882//213 884//213
f 874//214 866//214 876//214 883//214
f 870//215 872//215 881//215 879//215
f 865//216 868//216 878//216 885//216
f 868//217 875//217 884//217 878//217
f 873//218 871//218 880//218 882//218
f 867//219 870//219 879//219 877//219
f 872//220 874//220 883//220 881//220
f 887//209 889//209 890//209 888//209
f 890//221 889//221 891//221 892//221
f 892//211 891//211 893//211 894//211
f 951//209 896//209 897//209 895//209
f 951//216 895//216 898//216 957//216
f 957//222 898//222 900//222 899//222
f 899//211 900//211 944//211 901//211
f 901//222 944//222 902//222 960//222
f 887//211 888//211 904//211 903//211
f 903//221 904//221 906//221 905//221
f 905//209 906//209 908//209 907//209
f 907//223 908//223 910//223 909//223
f 909//216 910//216 912//216 911//216
f 911//209 912//209 914//209 913//209
f 913//211 914//211 916//211 915//211
f 915//222 916//222 918//222 917//222
f 917//224 918//224 920//224 919//224
f 919//211 920//211 922//211 921//211
f 921//225 922//225 924//225 923//225
f 923//209 924//209 926//209 925//209
f 925//211 926//211 928//211 927//211
f 928//211 1036//211 927//211
f 1036//211 1043//211 927//211
f 1036//209 928//209 929//209 930//209
f 930//216 929//216 931//216 1037//216
f 1037//222 931//222 932//222 1038//222
f 1038//216 932//216 933//216 934//216
f 934//209 933//209 935//209 1039//209
f 1039//226 935//226 936//226 1040//226
f 1040//216 936//216 937//216 938//216
f 938//227 937//227 939//227 940//227
f 940//222 939//222 941//222 1041//222
f 1041//216 941//216 942//216 1042//216
f 918//228 924//228 922//228 920//228
f 935//228 939//228 937//228 936//228
f 932//228 929//228 928//228
f 928//228 926//228 932//228
f 926//228 933//228 932//228
f 932//228 931//228 929//228
f 914//228 942//228 941//228 916//228
f 904//228 910//228 908//228 906//228
f 888//228 912//228 910//228 904//228
s 1
f 966//228 967//228 964//228
s 0
f 895//228 943//228 902//228 944//228
f 902//228 943//228 927//228 945//228
f 945//209 927//209 1043//209 1044//209
f 960//228 946//228 961//228 959//228
f 901//228 960//228 959//228 958//228
f 895//228 944//228 900//228 898//228
s 1
f 950//228 1002//228 1339//228 949//228
f 952//229 953//230 951//231 957//229
f 952//229 957//229 899//228 956//228
f 899//228 901//228 958//228 956//228
f 968//232 951//231 953//230 947//232
f 967//228 965//228 964//228
f 970//233 964//234 965//216 969//216
f 964//234 970//233 972//235 971//235
f 971//235 972//235 973//209 966//209
s 0
f 974//216 975//216 977//216 976//216
f 974//236 976//236 979//236 978//236
f 978//237 979//237 981//237 980//237
f 982//222 983//222 985//222 984//222
f 983//238 982//238 986//238 987//238
f 987//216 986//216 988//216 989//216
f 989//239 988//239 990//239 991//239
f 991//209 990//209 992//209 993//209
f 983//228 987//228 989//228 991//228
f 994//236 995//236 997//236 996//236
f 994//237 996//237 999//237 998//237
f 997//216 995//216 1000//216 1001//216
s 1
f 1004//240 1006//240 1050//241 1049//242
f 1011//243 1005//243 1051//244 1003//245
f 1004//246 1049//242 1051//244 1005//246
f 1011//247 1003//245 1050//241 1006//247
f 1007//216 1006//216 1004//216 1008//216
f 1009//211 1005//211 1011//211 1010//211
f 1010//209 1011//209 1006//209 1007//209
f 1008//222 1004//222 1005//222 1009//222
f 952//211 955//211 953//211
f 956//209 963//209 955//209 952//209
s 0
f 1012//243 1014//243 1016//243 1015//243
f 962//211 1013//211 1014//211 1012//211
f 1018//247 1019//247 1022//247 1021//247
f 1017//209 1018//209 1021//209 1020//209
f 1021//248 1022//248 1025//248 1024//248
f 1020//221 1021//221 1024//221 1023//221
f 1027//249 1026//249 1028//249 1029//249
f 1029//222 1030//222 1031//222
f 1030//222 1028//222 1032//222
f 1029//216 1031//216 1034//216 1033//216
f 1027//236 1029//236 1033//236 1035//236
s 1
f 1045//228 1046//228 1047//228 1048//228
f 1049//242 1050//241 1003//245 1051//244
f 1052//250 1046//250 1045//250 1055//250
f 1053//247 1048//247 1047//247 1054//247
f 1053//243 1055//243 1045//243 1048//243
f 1052//240 1054//240 1047//240 1046//240
f 1056//216 1054//216 1052//216 1057//216
f 1058//211 1055//211 1053//211 1059//211
f 1059//209 1053//209 1054//209 1056//209
f 1057//222 1052//222 1055//222 1058//222
s 0
f 1024//243 1025//243 1062//243 1061//243
f 1023//211 1024//211 1061//211 1060//211
f 1063//228 1066//228 1067//228
f 1084//228 1063//228 1072//228
f 1073//228 1063//228 1084//228
f 1072//228 1063//228 1067//228
f 1069//228 1065//228 1064//228 1068//228
f 1070//251 1067//251 1065//251 1069//251
f 1072//252 1067//252 1070//252
f 1084//228 2018//228 1075//228 1073//228
f 1071//216 1076//216 1077//216 1074//216
f 1077//253 1076//253 1078//253 1079//253
f 1079//209 1078//209 1080//209 1081//209
f 1077//228 1079//228 1081//228 2230//228
f 2047//222 2046//222 2048//222 2049//222
f 2249//228 2250//228 2251//228
f 2248//228 2249//228 2251//228
f 1083//254 1082//254 1085//254 1086//254
f 1083//222 1086//222 1088//222 1087//222
f 1085//211 1082//211 1089//211 1090//211
f 1061//250 1062//250 1092//250 1091//250
f 1094//222 1093//222 1061//222 1091//222
f 1094//222 1091//222 948//222 1095//222
f 1095//255 948//255 1096//255 1099//255
f 948//256 1091//256 1097//256 1096//256
f 1091//257 1092//257 1098//257 1097//257
f 1096//258 1097//258 1101//258 1100//258
f 1097//243 1098//243 1102//243 1101//243
f 1103//209 1104//209 1106//209 1105//209
f 1104//259 1103//259 1107//259 1108//259
f 1108//211 1107//211 1109//211 1110//211
f 1110//224 1109//224 1111//224 1112//224
f 1112//222 1111//222 1113//222 1114//222
f 1115//260 1117//260 1118//260 1116//260
f 1117//211 1115//211 1119//211 1120//211
f 1117//224 1120//224 1123//224 1121//224
f 1118//261 1117//261 1121//261 1122//261
f 1121//222 1123//222 1126//222 1124//222
f 1122//262 1121//262 1124//262 1125//262
f 1128//224 1127//224 1129//224 1130//224
f 1127//211 1128//211 1132//211 1131//211
f 1130//222 1129//222 1133//222 1134//222
f 1134//263 1133//263 1135//263 1136//263
f 1136//216 1135//216 1137//216 1138//216
f 1128//228 1136//228 1138//228 1132//228
f 1130//228 1134//228 1136//228 1128//228
f 1139//222 1141//222 1142//222 1140//222
f 1140//263 1142//263 1144//263 1143//263
f 1144//216 1146//216 1145//216 1143//216
f 1140//264 1143//264 1148//264 1147//264
f 1140//265 1147//265 1138//265 1139//265
f 1145//266 1149//266 1148//266 1143//266
f 1150//267 1152//267 1153//267 1151//267
f 1152//211 1150//211 1154//211 1155//211
f 1104//228 1108//228 1110//228 1112//228
f 1154//268 1150//268 1156//268 1157//268
f 1157//209 1156//209 1158//209 1159//209
s 1
f 1163//269 1168//270 1162//271 1161//269
f 1165//272 1166//273 1169//274 1167//275
f 1168//270 1169//274 1166//273 1162//271
f 1162//271 1166//273 1165//272 1161//211
s 0
f 1537//228 1164//228 1535//228 1536//228
s 1
f 1169//274 1168//270 1172//211 1173//211
s 0
f 1160//224 1175//224 1176//224 1174//224
f 1176//222 1175//222 1177//222 1178//222
f 1180//209 1182//209 1181//209 1179//209
f 1180//276 1179//276 1183//276 1184//276
f 1184//211 1183//211 1185//211 1186//211
f 1176//277 1180//277 1184//277 1174//277
f 1178//277 1182//277 1180//277 1176//277
f 2028//211 1160//211 1174//211 2029//211
f 1186//211 1188//211 1189//211 1187//211
f 1189//278 1188//278 1190//278 1191//278
f 1151//279 1193//279 1156//279 1150//279
f 1158//280 1156//280 1193//280 1194//280
f 1159//226 1158//226 1195//226 1538//226
f 1194//281 1196//281 1195//281 1158//281
f 1170//216 1538//216 1146//216
f 1146//216 1538//216 1197//216
f 1198//209 1199//209 1201//209 1200//209
s 1
f 1204//282 1203//282 1205//283 1206//284
f 1205//243 1203//243 1207//243 1209//243
f 1212//285 1209//286 1207//287 1210//287
f 1218//288 1219//289 1220//290 1215//290
f 1214//236 1217//236 1226//291 1221//291
f 1223//292 1224//292 1214//292 1213//292
f 1216//293 1215//290 1220//290 1222//293
f 1228//294 1221//291 1226//291 1225//294
f 1227//282 1219//289 1218//288 1229//295
f 1231//294 1232//294 1236//294 1230//294
f 1233//292 1234//292 1235//292 1202//292
f 1232//236 1235//236 1234//236 1236//236
f 1239//216 1246//216 1243//216 1240//216
f 1241//211 1242//211 1247//211 1238//211
f 1238//209 1247//209 1246//209 1239//209
f 1240//296 1243//296 1242//296 1241//296
f 1243//297 1246//297 1244//297 1245//297
f 1371//298 1244//298 1246//298 1247//298
f 1247//299 1242//299 1372//299 1371//299
f 1243//300 1245//300 1372//300 1242//300
f 1248//301 1249//302 1250//302 1251//301
f 1252//303 1253//304 1254//305 1255//306
f 1256//222 1257//222 1258//222 1259//222
f 1260//211 1261//211 1262//211 1263//211
f 1264//278 1265//278 1266//278 1267//278
f 1268//307 1269//307 1270//307 1271//307
f 1272//209 1273//209 1274//209 1275//209
f 1250//302 1249//302 1252//303 1255//306
f 1284//277 1280//277 1282//277 1283//277
f 1277//277 1285//277 1286//277 1287//277
f 1276//277 1278//277 1281//277 1279//277
f 1230//216 1236//216 1234//216 1233//216
s 0
f 1290//222 1289//222 1288//222
f 1292//222 1288//222 1289//222 1291//222
f 1288//246 1292//246 1294//246 2153//246
f 1290//308 1288//308 1295//308 1296//308
f 1296//309 1295//309 1297//309 1298//309
f 1299//250 1302//250 1300//250 1297//250
f 1303//310 1299//310 1297//310 1295//310
f 1293//311 1303//311 1295//311 1288//311
f 1300//311 1302//311 1306//311 1304//311
f 1301//312 1300//312 1304//312 1305//312
f 1304//310 1306//310 1309//310 1307//310
f 1305//313 1304//313 1307//313 1308//313
f 1307//250 1309//250 1312//250 1310//250
f 1317//314 1311//314 1318//314 1320//314
f 1310//222 1313//222 1315//222
f 1311//311 1316//311 1319//311 1318//311
f 1325//315 1326//315 1327//315 1328//315
f 1318//316 1319//316 1322//316 1321//316
f 1324//317 1325//317 1328//317 1323//317
f 1332//318 1331//318 1335//318 1336//318
f 1329//319 1330//319 1334//319 1333//319
f 1336//314 1335//314 1337//314 1338//314
s 1
f 1203//211 1204//211 1210//211 1207//211
s 0
f 1211//222 1208//222 1340//222 1341//222
f 1208//224 1211//224 1343//224 1342//224
f 1342//211 1343//211 1345//211 1344//211
f 1341//227 1340//227 1346//227 1347//227
f 1347//216 1346//216 1348//216 1349//216
f 1363//246 1362//246 1353//246 1352//246
f 1363//222 1352//222 1355//222 1367//222
f 1221//216 1228//216 1355//216 1352//216
f 1352//240 1353//240 1356//240 1403//240
s 1
f 1213//216 1214//216 1358//216 1357//216
s 0
f 1350//222 1366//222 1370//222 1354//222
f 1365//222 1364//222 1368//222 1369//222
f 1350//246 1351//246 1359//246 1366//246
f 1365//246 1360//246 1361//246 1364//246
s 1
f 1245//228 1244//228 1371//228 1372//228
s 0
f 1373//294 1375//294 1376//294 1374//294
f 1376//216 1378//216 1377//216 1374//216
f 1375//236 1380//236 1378//236 1376//236
f 1378//320 1380//320 1379//320 1377//320
f 1381//216 1383//216 1384//216 1382//216
f 1383//321 1381//321 1385//321 1386//321
f 1387//263 1388//263 1390//263 1389//263
f 1389//222 1390//222 1392//222 1391//222
f 1388//216 1387//216 1393//216 1394//216
f 1396//223 1394//223 1397//223 1395//223
f 1396//209 1395//209 1398//209 1428//209
f 1400//209 1401//209 1404//209 1403//209
f 1399//322 1400//322 1403//322 1356//322
f 1405//226 1406//226 1408//226 1407//226
f 1407//209 1408//209 1410//209 1409//209
f 1407//210 1409//210 1413//210 1412//210
f 1405//323 1407//323 1412//323 1411//323
f 1414//223 1415//223 1417//223 1416//223
f 1416//209 1417//209 1419//209 1418//209
f 1415//216 1414//216 1420//216 1421//216
f 1418//221 1419//221 1423//221 1422//221
f 1422//211 1423//211 1425//211 1424//211
f 1405//324 1411//324 1428//324 1426//324
f 1406//325 1405//325 1426//325 1427//325
f 1430//222 1429//222 1431//222 1432//222
f 1429//224 1430//224 1434//224 1433//224
f 1433//211 1434//211 1436//211 1435//211
f 1432//227 1431//227 1437//227 1438//227
f 1438//216 1437//216 1439//216 1440//216
s 1
f 1206//284 1205//283 1441//211 1442//211
f 1209//286 1212//285 1444//211 1443//211
f 1448//228 1451//228 1450//228 1447//228
f 1454//228 1445//228 1453//228 1452//228
f 1457//228 1460//228 1459//228 1456//228
f 1461//326 1467//326 1474//326 1495//326
f 1462//327 1467//327 1461//327 1463//327
f 1462//211 1464//211 1468//328 1467//329
f 1467//329 1468//328 1465//330 1474//331
f 1471//211 1472//211 1473//211 1470//211
f 1466//332 1469//332 1473//332 1472//332
f 1495//333 1474//333 1472//333 1497//333
s 0
f 1476//334 1475//334 1477//334
f 1477//221 1475//221 1478//221 1479//221
f 1481//209 1480//209 1477//209 1479//209
s 1
f 1483//216 1484//216 1485//216 1486//216
f 1482//228 1492//228 1485//228 1490//228
f 1488//209 1487//335 1484//335 1483//209
f 1489//209 1482//209 1490//221 1491//221
f 1494//221 1461//221 1495//221 1496//221
f 1496//209 1495//209 1497//209 1498//209
s 0
f 1526//211 1528//211 1527//211 1525//211
f 1478//211 1475//211 1499//211 1500//211
f 1500//224 1499//224 1501//224 1502//224
f 1502//222 1501//222 1503//222 1504//222
f 1505//221 1506//221 1508//221 1507//221
f 1507//209 1508//209 1510//209 1509//209
f 1506//211 1505//211 1511//211 1512//211
f 1511//224 1515//224 1513//224 1512//224
f 1514//222 1513//222 1515//222 1516//222
f 1517//259 1518//259 1520//259 1519//259
f 1518//209 1517//209 1521//209 1522//209
f 1519//211 1520//211 2055//211 2056//211
s 1
f 1472//209 1474//331 1465//330 1466//209
f 1528//211 1534//211 1529//211 1527//211
f 1530//216 1531//216 1532//216 1533//216
f 1529//209 1534//209 1531//209 1530//209
s 0
f 1539//222 1541//222 1542//222 1540//222
f 1539//263 1540//263 1544//263 1543//263
f 1543//216 1544//216 1546//216 1545//216
s 1
f 1547//228 1550//228 1549//228 1548//228
f 1554//216 1555//216 1556//216 1557//216
f 1552//211 1558//211 1553//211 1551//211
f 1557//222 1556//222 1558//222 1552//222
f 963//336 956//336 1560//336 1561//336
f 1563//209 1562//209 1567//209 1564//209
f 1559//211 1564//211 1567//211 1565//211
f 1565//211 1567//211 1568//211 1566//211
f 1570//216 1569//216 1571//226 1572//226
s 0
f 1575//277 1576//277 1574//277
f 1580//277 1579//277 1575//277 1578//277
f 1579//277 1580//277 1582//277 1581//277
f 1575//221 1579//221 1584//221 1583//221
f 1584//209 1579//209 1585//209 1586//209
f 1575//211 1583//211 1588//211 1587//211
s 1
f 1571//226 1587//209 1588//209 1572//226
s 0
f 1589//337 1590//337 1592//337 1591//337
f 1591//222 1592//222 1594//222 1593//222
f 1594//222 1577//222 1593//222
f 1591//222 1593//222 1595//222
f 1590//222 1589//222 1596//222 1597//222
f 1585//209 1579//209 1598//209
f 1586//209 1585//209 1599//209
f 1607//226 1600//226 1601//226 1608//226
f 1608//216 1601//216 1602//216 1603//216
f 1603//227 1602//227 1604//227 1605//227
f 1600//209 1607//209 1611//209 1609//209
f 1600//228 1604//228 1602//228 1601//228
f 1604//228 1600//228 1609//228 1606//228
f 1605//222 1604//222 1606//222 1610//222
f 1603//338 1605//338 1607//338 1608//338
f 1607//277 1605//277 1610//277 1611//277
f 1619//226 1612//226 1613//226 1620//226
f 1620//216 1613//216 1614//216 1615//216
f 1615//227 1614//227 1616//227 1617//227
f 1612//209 1619//209 1623//209 1621//209
f 1612//228 1616//228 1614//228 1613//228
f 1616//228 1612//228 1621//228 1618//228
f 1617//222 1616//222 1618//222 1622//222
f 1615//338 1617//338 1619//338 1620//338
f 1619//277 1617//277 1622//277 1623//277
f 1626//216 1630//216 1631//216 1627//216
f 1625//339 1629//339 1630//339 1626//339
f 1624//236 1628//236 1629//236 1625//236
s 1
f 1637//216 1639//216 1634//216 1636//216
f 1633//216 1637//216 1636//216 1635//216
f 1632//216 1634//216 1639//216 1638//216
f 1634//216 1632//216 1640//216 1641//216
f 1643//216 1641//216 1640//216 1642//216
s 0
f 1648//209 1650//209 1651//209 1649//209
f 1650//209 1648//209 1652//209 1653//209
f 1652//210 1648//210 1654//210 1655//210
f 1656//211 1657//211 1659//211 1658//211
f 1657//340 1656//340 1660//340 1661//340
f 1657//341 1661//341 1663//341 1662//341
f 1657//342 1662//342 1665//342 1664//342
f 1663//343 1661//343 1667//343 1668//343
f 1661//344 1660//344 1666//344 1667//344
f 1667//345 1666//345 1669//345
f 1671//275 1672//275 1673//275 1670//275
f 1670//346 1673//346 1675//346 1674//346
f 1674//269 1675//269 1677//269 1676//269
f 1673//211 1672//211 1677//211 1675//211
f 1679//243 1682//243 1683//243 1680//243
f 1678//211 1681//211 1682//211 1679//211
f 1682//347 1681//347 1684//347 1685//347
f 1685//222 1684//222 1686//222 1687//222
f 1687//211 1686//211 1688//211 1689//211
f 1689//209 1688//209 1690//209 1691//209
f 1691//348 1690//348 1692//348 1699//348
f 1683//349 1682//349 1685//349 1694//349
f 1694//250 1685//250 1687//250 2218//250
f 1695//350 1687//350 1689//350 1696//350
f 1696//351 1689//351 1691//351 1698//351
f 1698//352 1691//352 1699//352 1700//352
f 1699//353 1692//353 1697//353 1693//353
f 1700//354 1699//354 1693//354 1701//354
f 1701//351 1693//351 1702//351 1704//351
f 1693//355 1697//355 1703//355 1702//355
f 1704//356 1702//356 1705//356 1707//356
f 1702//357 1703//357 1706//357 1705//357
f 1707//236 1705//236 1708//236 1709//236
s 1
f 1710//358 1711//359 1717//360 1714//361
f 1712//362 1710//358 1714//361 1713//362
f 1716//363 1717//360 1711//359 1715//364
f 1717//360 1716//363 1713//209 1714//361
s 0
f 1718//216 1719//216 1721//216 1720//216
f 1718//216 1720//216 1722//216 1723//216
f 1723//216 1722//216 1724//216 1725//216
f 1726//211 1728//211 1729//211 1727//211
f 1726//211 1731//211 1730//211 1728//211
f 1668//365 1731//365 1733//365 1732//365
f 1734//228 1736//228 1737//228 1735//228
f 1734//216 1738//216 1739//216 1736//216
f 1737//211 1741//211 1740//211 1735//211
f 1737//209 1743//209 1745//209 1741//209
f 1739//222 1744//222 1742//222 1736//222
f 1736//228 1742//228 1743//228 1737//228
f 1743//216 1742//216 1744//216 1745//216
s 1
f 1747//211 1748//211 1749//211 1750//211
f 1750//209 1749//209 1751//209 1746//209
f 1752//222 1753//222 1748//222 1747//222
f 1755//228 1754//228 1757//228 1756//228
s 0
f 1745//209 1750//209 1746//209 1741//209
s 1
f 1762//228 1763//228 1761//228
f 1763//228 1762//228 1764//228 1765//228
f 1760//228 1758//228 1762//228
f 1763//228 1759//228 1767//228 1761//228
f 1760//228 1762//228 1761//228 1766//228
f 1760//228 1769//228 1768//228
f 1769//228 1770//228 1768//228
f 1772//228 1773//228 1771//228
f 1770//228 1772//228 1771//228
s 0
f 1774//221 1775//221 1777//221 1776//221
f 1776//211 1777//211 1779//211 1778//211
f 1778//254 1779//254 1781//254 1780//254
f 1780//222 1781//222 1783//222 1782//222
f 1775//209 1774//209 1784//209 1785//209
f 1786//226 1787//226 1789//226 1788//226
f 1788//209 1789//209 1791//209 1790//209
f 1787//216 1786//216 1792//216 1793//216
f 1790//225 1791//225 1795//225 1794//225
f 1794//211 1795//211 1797//211 1796//211
f 1776//228 1778//228 1780//228 1774//228
f 1782//228 1784//228 1774//228 1780//228
f 1786//228 1794//228 1796//228 1792//228
f 1788//228 1790//228 1794//228 1786//228
f 1679//366 1680//366 1800//366 1799//366
f 1678//221 1679//221 1799//221 1798//221
f 1192//211 954//211 1171//211
f 1192//211 1801//211 954//211
f 1803//222 1802//222 1804//222 1805//222
s 1
f 1254//305 1294//367 1292//211 1255//306
f 1229//295 1218//288 1807//211 1806//211
f 1215//211 1216//211 1809//211 1808//211
s 0
f 1810//368 1811//368 1813//368 1812//368
f 1812//369 1813//369 1815//369 1814//369
f 1814//370 1815//370 1817//370 1816//370
f 1816//371 1817//371 1819//371 1818//371
f 1818//372 1819//372 1821//372 1820//372
f 1820//373 1821//373 1823//373 1822//373
f 1822//374 1823//374 1825//374 1824//374
f 1824//375 1825//375 1827//375 1826//375
f 1826//222 1827//222 1829//222 1828//222
f 1811//209 1810//209 1830//209 1831//209
f 1834//211 1832//211 1835//211
f 1836//211 1832//211 1837//211
f 1832//211 1834//211 1833//211
f 1835//211 1832//211 1836//211
f 1840//211 1838//211 1841//211
f 1842//211 1838//211 1843//211
f 1838//211 1840//211 1839//211
f 1841//211 1838//211 1842//211
f 1846//216 1847//216 1844//216
f 1848//216 1849//216 1844//216
f 1844//216 1845//216 1846//216
f 1847//216 1848//216 1844//216
f 1852//216 1853//216 1850//216
f 1854//216 1855//216 1850//216
f 1850//216 1851//216 1852//216
f 1853//216 1854//216 1850//216
s 1
f 1294//367 1254//305 1356//228 1353//228
f 1254//305 1402//228 1856//228
s 0
f 1858//228 1860//228 1861//228 1859//228
s 1
f 1857//228 1356//228 1856//228
f 1356//228 1254//305 1856//228
f 2025//228 2022//228 2027//228 2023//228
f 1356//228 1857//228 1863//228
f 1863//228 1864//228 1865//228
s 0
f 1414//228 1422//228 1424//228 1420//228
f 2019//209 2020//209 1867//209 1868//209
s 1
f 1866//376 1869//377 1870//378
f 2019//379 2023//379 2027//379 2020//379
s 0
f 1868//211 2021//211 2026//211 2019//211
f 1873//380 1875//380 1876//380 1871//380
f 1916//277 1918//277 1917//277 1879//277
f 1915//277 1914//277 1897//277 1907//277
f 1882//381 1884//381 1885//381 1883//381
f 1885//382 1884//382 1886//382 1887//382
f 1887//383 1886//383 1888//383 1889//383
f 1889//384 1888//384 1890//384 1891//384
f 1894//222 1892//222 1895//222
f 1896//222 1892//222 1897//222
f 1892//222 1894//222 1893//222
f 1895//222 1892//222 1896//222
f 1898//385 1900//385 1901//385 1899//385
f 1901//213 1900//213 1902//213 1903//213
f 1903//386 1902//386 1904//386 1905//386
f 1905//387 1904//387 1906//387 1907//387
f 1901//222 1903//222 1908//222
f 1905//222 1907//222 1908//222
f 1908//222 1899//222 1901//222
f 1903//222 1905//222 1908//222
f 1911//209 1912//209 1909//209
f 1913//209 1914//209 1909//209
f 1909//209 1910//209 1911//209
f 1912//209 1913//209 1909//209
s 1
f 1877//222 1880//222 1881//222 1878//222
s 0
f 1917//211 1918//211 1920//211 1919//211
f 1919//211 1552//211 1917//211
f 1921//228 1922//228 1924//228 1923//228
f 1925//228 1926//228 1928//228 1927//228
f 1929//228 1930//228 1932//228 1931//228
f 1925//211 1927//211 1934//211 1933//211
f 1933//228 1934//228 1936//228 1935//228
f 1935//216 1936//216 1938//216 1937//216
f 1933//209 1935//209 1937//209 1925//209
f 1921//211 1923//211 1940//211 1939//211
f 1939//228 1940//228 1942//228 1941//228
f 1941//216 1942//216 1944//216 1943//216
f 1923//222 1944//222 1942//222 1940//222
f 1100//222 1101//222 1946//222 1945//222
f 1101//250 1102//250 1947//250 1946//250
f 1948//246 2090//246 1951//246 1949//246
f 1949//222 1951//222 1952//222 1950//222
f 1948//388 1949//388 1954//388 1953//388
f 1949//263 1950//263 1955//263 1954//263
f 1953//236 1954//236 1957//236 1956//236
f 1954//216 1955//216 1958//216 1957//216
s 1
f 1963//389 1962//390 1960//391 1965//392
f 1964//209 1963//389 1965//392 1966//209
f 1961//211 1962//390 1963//389 1964//211
f 1966//209 1965//392 1967//209 1969//209
f 1968//222 1960//391 1962//390 1961//222
f 1984//393 1983//393 1975//216 1974//216
f 1976//211 1978//394 1971//394 1977//211
f 1980//395 1970//395 1971//394 1978//394
f 1987//396 1979//396 1970//395 1980//395
f 1972//338 1981//338 1982//397 1973//397
f 1973//397 1982//397 1983//393 1984//393
f 1988//398 1989//398 1979//396 1987//396
f 1991//277 1985//277 1989//398 1988//398
f 1990//399 1986//399 1985//277 1991//277
f 1986//399 1990//399 1981//338 1972//338
s 0
f 1993//250 1996//250 1997//250 1994//250
f 1992//400 1995//400 1996//400 1993//400
f 1993//346 1994//346 2165//346 1999//346
f 1992//211 1993//211 1999//211 1998//211
f 1999//250 2000//250 2003//250 2002//250
f 1998//400 1999//400 2002//400 2001//400
f 1997//346 1996//346 2005//346 2006//346
f 1996//211 1995//211 2004//211 2005//211
f 2006//250 2005//250 2008//250 2009//250
f 2005//400 2004//400 2007//400 2008//400
f 1994//228 1997//228 1330//228 1319//228
f 1334//228 1330//228 1997//228
f 2226//311 2227//311 2229//311 2228//311
f 1316//228 2165//228 1994//228 1319//228
f 2012//211 2010//211 2013//211 2011//211
f 2010//277 2012//277 2014//277 2015//277
f 2015//216 2014//216 2016//216 2017//216
s 1
f 1492//222 1493//222 1486//222 1485//222
f 1490//228 1485//228 1484//335 1487//335
f 1490//221 1487//211 1488//211 1491//221
s 0
f 2251//228 2247//228 2248//228
s 1
f 2024//401 2022//401 2025//401 2026//401
f 2019//402 2026//402 2025//402 2023//402
f 2024//403 2020//403 2027//403 2022//403
s 0
f 2024//404 2026//404 2021//404
f 1800//228 1694//228 2219//228 2030//228
f 1680//405 1683//405 1694//405 1800//405
f 2033//211 2032//211 2035//211 2036//211
f 2032//224 2031//224 2034//224 2035//224
s 1
f 1869//406 1866//406 2037//406 2076//406
f 2076//222 2037//222 2038//222 2039//222
s 0
f 2033//222 2036//222 1957//222 1959//222
f 1956//246 1957//246 2041//246 2040//246
f 2092//228 2093//228 2043//228 2042//228
f 2044//254 2046//254 2047//254 2045//254
f 2050//222 2051//222 2053//222 2052//222
f 1523//224 1524//224 2052//224 2053//224
f 2071//407 2058//407 2072//407 2073//407
f 2073//408 2072//408 2074//408 2075//408
f 2054//222 2058//222 2071//222 2070//222
f 2063//228 2065//228 2059//228
f 2060//228 2059//228 2069//228
f 1508//228 1513//228 1514//228 1510//228
s 1
f 1468//228 1464//228 2057//228
s 0
f 2065//228 2069//228 2059//228
f 2061//228 2066//228 2065//228 2063//228
f 2062//228 2064//228 2066//228 2061//228
f 2068//228 2067//228 2063//228
f 2059//228 2068//228 2063//228
f 2071//236 2073//236 2077//236 2076//236
f 2070//216 2071//216 2076//216 2039//216
s 1
f 2086//228 2083//228 2088//228 2084//228
s 0
f 2080//409 2081//409 2078//409 2079//409
s 1
f 2080//410 2084//410 2088//410 2081//410
s 0
f 2079//411 2082//411 2087//411 2080//411
s 1
f 2085//412 2083//412 2086//412 2087//412
f 2080//413 2087//413 2086//413 2084//413
f 2085//414 2081//414 2088//414 2083//414
s 0
f 2085//415 2087//415 2082//415 2089//415
f 2078//216 2081//216 2085//216 2089//216
s 1
f 1770//228 1771//228 1768//228
s 0
f 1956//228 2091//228 2093//228 2092//228
f 2097//228 2094//228 2095//228
s 1
f 1862//228 1356//228 1865//228
f 1356//228 1863//228 1865//228
s 0
f 2095//228 2096//228 2097//228
f 2096//228 2098//228 2097//228
s 1
f 1870//378 1865//228 1237//416
f 1237//416 1866//376 1870//378
f 2107//228 2104//228 2109//228 2105//228
s 0
f 2101//409 2102//409 2099//409 2100//409
s 1
f 2101//410 2105//410 2109//410 2102//410
s 0
f 2100//411 2103//411 2108//411 2101//411
s 1
f 2106//412 2104//412 2107//412 2108//412
f 2101//417 2108//417 2107//417 2105//417
f 2106//414 2102//414 2109//414 2104//414
s 0
f 2106//415 2108//415 2103//415 2110//415
f 2099//216 2102//216 2106//216 2110//216
f 1383//418 1386//418 2113//418 2111//418
f 2115//209 2114//209 2112//209 2118//209
f 2119//209 2120//209 2116//209 2117//209
f 2120//209 2112//209 2114//209 2116//209
f 2122//211 2123//211 2128//211 2126//211
f 2129//419 2131//419 2132//419 2130//419
f 2132//211 2131//211 2133//211 2134//211
f 2134//243 2133//243 2135//243 2136//243
f 2125//211 2124//211 2121//211 2127//211
f 2125//211 2128//211 2123//211 2124//211
f 2122//211 2126//211 2127//211 2121//211
f 1644//420 1645//420 1647//420 1646//420
f 2126//211 2128//211 2138//211 2137//211
f 1193//421 1122//421 2142//421 2141//421
f 2142//422 2139//422 2143//422
f 1122//423 1193//423 1151//423 1118//423
f 2140//424 2141//424 2143//424
f 2141//425 2142//425 2143//425
f 1944//222 1923//222 2144//222 2147//222
f 1925//209 1937//209 2146//209 2145//209
f 2148//228 2149//228 2151//228 2150//228
f 1299//228 2164//228 2152//228
f 2157//228 2154//228 2158//228
f 2161//228 2162//228 2163//228
f 2167//228 2169//228 2170//228
f 2168//228 2169//228 2167//228
f 2169//228 2166//228 2170//228
f 1299//228 1303//228 2164//228
f 1303//228 1293//228 2164//228
f 2152//209 1302//209 1299//209
f 2158//228 2156//228 2155//228
f 2155//228 2157//228 2158//228
f 2160//228 2159//228 2163//228
f 2159//228 2161//228 2163//228
s 1
f 1473//246 1469//246 2171//246 2173//246
f 1470//222 1473//222 2173//222 2172//222
f 2173//346 2171//346 2174//346 2176//346
f 2172//211 2173//211 2176//211 2175//211
f 2171//228 1469//228 2177//228 2174//228
s 0
f 2178//228 2179//228 2180//228
f 2181//228 2182//228 2187//228 2183//228
f 2188//228 2184//228 2186//228
f 2186//228 2189//228 2183//228
f 2183//228 2187//228 2186//228
f 2187//228 2188//228 2186//228
f 2188//228 2185//228 2184//228
f 1479//228 1502//228 1504//228 1481//228
s 1
f 2196//209 2190//209 2193//209 2197//209
f 2191//209 2195//209 2194//209 2192//209
f 2194//209 2197//209 2193//209 2192//209
s 0
f 2199//211 2200//211 2203//211 2202//211
f 2198//209 2199//209 2202//209 2201//209
f 2204//228 2201//228 2202//228 2203//228
f 2204//216 2205//216 2206//216
f 2212//222 2208//222 2210//222 2214//222
f 2207//222 2211//222 2213//222 2209//222
f 2214//222 2210//222 2209//222 2213//222
f 2212//222 2211//222 2207//222 2208//222
f 1698//426 2215//426 2217//426 2216//426
f 2216//427 2217//427 2221//427 2220//427
s 1
f 1760//228 1766//228 1769//228
s 0
f 1314//222 1308//222 1315//222
f 1308//222 1307//222 1315//222
f 1307//222 1310//222 1315//222
f 2222//228 2223//228 2224//228 2225//228
f 1081//221 1080//221 2230//221
f 1077//228 2230//228 2232//228 2231//228
f 2233//228 2237//228 2235//228
f 2235//228 2236//228 2233//228
f 2233//228 2234//228 2237//228
f 1106//228 1104//228 1112//228 1114//228
f 985//228 983//228 991//228 993//228
f 1523//211 1519//211 2056//211 1524//211
f 1506//228 1512//228 1513//228 1508//228
f 1478//228 1500//228 1502//228 1479//228
s 1
f 1466//228 1465//228 2057//228
f 1465//228 1468//228 2057//228
f 1449//228 1448//228 1447//228 1446//228
f 1458//228 1457//228 1456//228 1455//228
s 0
f 1574//277 1573//277 1575//277
f 1573//277 1578//277 1575//277
f 2238//228 2241//228 2240//228 2239//228
f 2244//228 2246//228 2245//228
s 1
f 971//228 966//228 964//228
s 0
f 2244//228 2245//228 2242//228
f 2242//228 2243//228 2244//228
f 1029//222 1028//222 1030//222
f 2253//428 2254//428 2279//428 2256//428
f 2259//429 2257//429 2254//429 2253//429
f 2257//222 2259//222 2258//222 2255//222
f 2260//211 2261//211 2262//211 2258//211
f 2261//430 2260//430 2252//430 2263//430
f 2260//243 2258//243 2265//243 2264//243
f 2252//431 2260//431 2264//431 2266//431
f 2259//432 2253//432 2267//432 2268//432
f 2258//246 2259//246 2268//246 2265//246
f 2265//228 2268//228 2266//228 2264//228
f 2269//240 2267//240 2253//240 2256//240
f 2269//433 2256//433 2271//433 2272//433
f 2256//434 2279//434 2270//434 2271//434
f 2272//435 2268//435 2267//435 2269//435
f 2272//210 2271//210 2273//210 2274//210
f 2271//436 2270//436 2275//436 2273//436
f 2276//437 2266//437 2268//437 2272//437
f 2263//211 2252//211 2277//211 2278//211
f 2252//346 2266//346 2280//346 2277//346
f 2018//228 2247//228 2251//228 1075//228
f 2206//216 2198//216 2201//216
f 2201//216 2204//216 2206//216
f 2286//364 2287//364 2282//364 2281//364
f 2283//438 2284//438 2285//438 2288//438
f 1872//228 1874//228 1875//228 1873//228
f 1416//228 1418//228 1422//228 1414//228
f 902//216 2289//216 946//216 960//216
f 2290//222 2292//222 2293//222 2291//222
f 2302//439 2315//439 2314//439
f 2306//228 2304//228 2308//228
f 2299//440 2300//440 2314//440
f 2312//211 2311//211 2313//211
f 2316//228 2294//228 2295//228
f 2313//211 2309//211 2310//211
f 2310//211 2312//211 2313//211
f 2317//441 2318//441 2319//441 2315//441
f 2319//442 2314//442 2315//442
f 2295//228 2296//228 2297//228
f 2297//228 2316//228 2295//228
f 2322//222 2326//222 2321//222 2320//222
f 2326//211 2324//211 2323//211 2321//211
s 1
f 2330//228 2325//228 2327//228 2328//228
f 2322//250 2325//250 2330//250 2326//250
f 2329//443 2324//443 2328//443 2327//443
f 2325//240 2322//240 2329//240 2327//240
s 0
f 2333//216 2332//216 2331//216
f 2333//216 2334//216 2332//216
f 2335//444 2337//444 2340//444 2339//444
f 2339//445 2340//445 2342//445 2341//445
f 2342//211 2338//211 2336//211 2341//211
f 2314//446 2301//446 2302//446
f 2301//447 2303//447 2302//447
f 2305//228 2304//228 2306//228
f 2304//228 2307//228 2308//228
f 2319//448 2298//448 2314//448
f 2298//449 2299//449 2314//449
s 1
f 2324//243 2326//243 2330//243 2328//243
o main.001
v 22.634033 1.951173 8.000000
v 17.951172 1.951173 8.000000
v 23.414551 2.731689 7.609619
v 17.170654 2.731689 7.609619
v 17.951172 -1.951172 5.658447
v 17.951172 -0.390137 5.658447
v 17.951172 -0.390136 8.000000
v 17.951172 -1.951171 8.000000
v 17.951172 1.951173 8.000000
v 17.170654 2.731689 7.609619
v 17.170654 -1.951171 7.609619
v 18.109619 0.481689 5.658447
v 18.109619 0.481690 8.000000
v 17.951172 -0.390136 8.000000
v 17.951172 -0.390137 5.658447
v 18.633789 1.268067 5.658447
v 18.633789 1.268067 8.000000
v 18.109619 0.481690 8.000000
v 18.109619 0.481689 5.658447
v 21.951172 1.268312 8.000000
v 21.951172 1.268312 5.658447
v 22.475586 0.481445 5.658447
v 22.475586 0.481446 8.000000
v 22.475586 0.481446 8.000000
v 22.475586 0.481445 5.658447
v 22.634033 -0.390137 5.658447
v 22.634033 -0.390136 8.000000
v 22.634033 -1.951171 8.000000
v 22.634033 -0.390136 8.000000
v 22.634033 -0.390137 5.658447
v 22.634033 -1.951172 5.658447
v 23.414551 -1.951171 7.609619
v 23.414551 2.731689 7.609619
v 22.634033 1.951173 8.000000
v 22.634033 -1.951171 8.000000
v 17.170654 2.731688 -4.877930
v 23.414551 2.731688 -4.877930
v 22.634033 1.951172 -5.268066
v 17.951172 1.951172 -5.268066
v 17.951172 -1.951172 -5.268066
v 17.951172 -0.390137 -5.268066
v 17.951172 -0.390137 -2.926758
v 17.951172 -1.951172 -2.926758
v 17.170654 -1.951172 -4.877930
v 17.170654 2.731688 -4.877930
v 17.951172 1.951172 -5.268066
v 18.109619 0.481689 -5.268066
v 18.109619 0.481689 -2.926758
v 17.951172 -0.390137 -2.926758
v 17.951172 -0.390137 -5.268066
v 18.633789 1.268066 -5.268066
v 18.633789 1.268066 -2.926758
v 18.109619 0.481689 -2.926758
v 18.109619 0.481689 -5.268066
v 21.951172 1.268311 -2.926758
v 21.951172 1.268311 -5.268066
v 22.475586 0.481445 -5.268066
v 22.475586 0.481445 -2.926758
v 22.475586 0.481445 -2.926758
v 22.475586 0.481445 -5.268066
v 22.634033 -0.390137 -5.268066
v 22.634033 -0.390137 -2.926758
v 22.634033 -1.951172 -2.926758
v 22.634033 1.951172 -2.926758
v 22.634033 1.951172 -5.268066
v 22.634033 -1.951172 -5.268066
v 23.414551 -1.951172 -3.316895
v 23.414551 2.731689 -3.316895
v 23.414551 2.731688 -4.877930
v 23.414551 -1.951172 -4.877930
v 19.386475 1.769776 8.000000
v 18.633789 1.268067 8.000000
v 18.633789 1.268067 5.658447
v 19.386475 1.769776 5.658447
v 20.292480 1.951172 5.658447
v 20.292480 1.951173 8.000000
v 19.386475 1.769776 8.000000
v 19.386475 1.769776 5.658447
v 21.198730 1.769776 5.658447
v 21.198730 1.769776 8.000000
v 20.292480 1.951173 8.000000
v 20.292480 1.951172 5.658447
v 21.198730 1.769776 8.000000
v 21.198730 1.769776 5.658447
v 21.951172 1.268312 5.658447
v 21.951172 1.268312 8.000000
v 19.386475 1.769775 -2.926758
v 18.633789 1.268066 -2.926758
v 18.633789 1.268066 -5.268066
v 19.386475 1.769775 -5.268066
v 20.292480 1.951172 -5.268066
v 20.292480 1.951172 -2.926758
v 19.386475 1.769775 -2.926758
v 19.386475 1.769775 -5.268066
v 21.198730 1.769775 -5.268066
v 21.198730 1.769775 -2.926758
v 20.292480 1.951172 -2.926758
v 20.292480 1.951172 -5.268066
v 21.198730 1.769775 -2.926758
v 21.198730 1.769775 -5.268066
v 21.951172 1.268311 -5.268066
v 21.951172 1.268311 -2.926758
v 22.634033 -1.951172 -2.926758
v 22.634033 -0.390137 -2.926758
v 22.634033 -0.390137 -5.268066
v 22.634033 -1.951172 -5.268066
v 17.951172 1.951173 8.000000
v 17.951172 -0.390136 8.000000
v 18.109619 0.481690 8.000000
v 22.475586 0.481446 8.000000
v 22.634033 -0.390136 8.000000
v 22.634033 1.951173 8.000000
v 18.633789 1.268067 8.000000
v 19.386475 1.769776 8.000000
v 20.292480 1.951173 8.000000
v 21.198730 1.769776 8.000000
v 21.951172 1.268312 8.000000
v 17.951172 1.951173 5.658447
v 17.951172 -0.390136 5.658447
v 18.109619 0.481690 5.658447
v 22.475586 0.481446 5.658447
v 22.634033 -0.390136 5.658447
v 22.634033 1.951173 5.658447
v 18.633789 1.268067 5.658447
v 19.386475 1.769776 5.658447
v 20.292480 1.951173 5.658447
v 21.198730 1.769776 5.658447
v 21.951172 1.268312 5.658447
v 17.951172 1.951173 -2.926513
v 17.951172 -0.390136 -2.926513
v 18.109619 0.481690 -2.926513
v 22.475586 0.481446 -2.926513
v 22.634033 -0.390136 -2.926513
v 22.634033 1.951173 -2.926513
v 18.633789 1.268067 -2.926513
v 19.386475 1.769776 -2.926513
v 20.292480 1.951173 -2.926513
v 21.198730 1.769776 -2.926513
v 21.951172 1.268312 -2.926513
v 17.951172 1.951173 -5.268066
v 17.951172 -0.390136 -5.268066
v 18.109619 0.481690 -5.268066
v 22.475586 0.481446 -5.268066
v 22.634033 -0.390136 -5.268066
v 22.634033 1.951173 -5.268066
v 18.633789 1.268067 -5.268066
v 19.386475 1.769776 -5.268066
v 20.292480 1.951173 -5.268066
v 21.198730 1.769776 -5.268066
v 21.951172 1.268312 -5.268066
v 17.951172 -1.951172 5.658447
v 17.170654 -1.951172 6.048584
v 17.170654 2.731689 6.048584
v 17.951172 1.951172 5.658447
v 23.414551 2.731689 -3.316895
v 17.170654 2.731689 -3.316895
v 17.951172 1.951172 -2.926758
v 22.634033 1.951172 -2.926758
v 17.951172 -1.951172 -2.926758
v 17.951172 1.951172 -2.926758
v 17.170654 2.731689 -3.316895
v 17.170654 -1.951172 -3.316895
v 17.951172 1.951172 5.658447
v 22.634033 1.951172 5.658447
v 17.170654 2.731689 6.048584
v 23.414551 2.731689 6.048584
v 22.634033 -1.951172 5.658446
v 23.414551 -1.951172 6.048584
v 17.170654 2.731688 23.219482
v 23.414551 2.731688 23.219482
v 22.634033 1.951172 22.829346
v 17.951172 1.951172 22.829346
v 17.951172 -1.951172 22.829346
v 17.170654 -1.951172 23.219482
v 17.170654 2.731688 23.219482
v 17.951172 1.951172 22.829346
v 22.634033 1.951172 22.829346
v 22.634033 -1.951172 22.829346
v 23.414551 2.731688 23.219482
v 23.414551 -1.951172 23.219482
v 17.951172 1.951172 22.829346
v 17.951172 -0.390136 22.829346
v 18.109619 0.481690 22.829346
v 22.475586 0.481446 22.829346
v 22.634033 -0.390136 22.829346
v 22.634033 1.951172 22.829346
v 18.633789 1.268067 22.829346
v 19.386475 1.769776 22.829346
v 20.292480 1.951172 22.829346
v 21.198730 1.769776 22.829346
v 21.951172 1.268312 22.829346
v 17.951172 -3.609622 -36.097412
v 17.951172 -2.585208 -36.292480
v 17.951172 -1.839603 -36.789551
v 17.951172 -1.339114 -37.512695
v 17.170654 -1.170657 -38.438965
v 17.951172 -1.170657 -38.438965
v 17.951172 -1.170657 -40.000000
v 17.951172 -1.339114 -40.926025
v 17.951172 -1.839603 -41.649170
v 17.951172 -2.585208 -42.146240
v 17.170654 -3.609622 -42.341309
v 17.951172 -3.609622 -42.341309
v 17.170654 -5.073001 -42.341309
v 17.951172 -5.073002 -42.341309
v 17.951172 -1.170657 -36.097412
v 17.951172 -1.170657 -42.341309
v 17.170654 -3.609622 -36.097412
v 17.170654 -2.585208 -36.292480
v 17.170654 -1.839603 -36.789551
v 17.170654 -1.339114 -37.512695
v 17.170654 -1.170657 -40.000000
v 17.170654 -1.339114 -40.926025
v 17.170654 -1.839603 -41.649170
v 17.170654 -2.585208 -42.146240
v 17.170654 -1.170657 -36.097412
v 17.170654 -0.390140 -42.341309
v 17.170654 -0.390140 -36.097412
v 17.170654 -1.170657 -42.341309
v -0.780273 -3.609622 -34.536377
v -0.780273 -2.585208 -34.731445
v -0.780273 -1.839603 -35.228516
v -0.780273 -1.339114 -35.951660
v -1.560791 -1.170657 -36.877930
v -0.780273 -1.170657 -36.877930
v -0.780273 -1.170657 -40.000000
v -0.780273 -1.339114 -40.926025
v -0.780273 -1.839603 -41.649170
v -0.780273 -2.585208 -42.146240
v -1.560791 -3.609622 -42.341309
v -0.780273 -3.609622 -42.341309
v -0.780273 -1.170657 -34.536377
v -0.780273 -1.170657 -42.341309
v -1.560791 -3.609622 -34.536377
v -1.560791 -2.585208 -34.731445
v -1.560791 -1.839603 -35.228516
v -1.560791 -1.339114 -35.951660
v -1.560791 -1.170657 -40.000000
v -1.560791 -1.339114 -40.926025
v -1.560791 -1.839603 -41.649170
v -1.560791 -2.585208 -42.146240
v -1.560791 -1.170657 -34.536377
v -1.560791 -1.170657 -42.341309
v -0.780273 -0.390140 -42.341309
v -0.780273 -0.390140 -34.536377
v -0.780273 -1.170657 -42.341309
v -0.780273 -1.170657 -34.536377
v -1.560791 -0.390139 -26.731689
v -7.804688 -0.390139 -26.731445
v -7.804688 -0.390139 -26.731445
v -2.341309 -1.170656 -27.121826
v -7.024170 -1.170656 -27.121826
v -7.024170 -1.170656 -27.121826
v -1.560791 -5.073000 -26.731689
v -7.804688 -5.073000 -26.731445
v -2.341309 -5.073000 -27.121826
v -7.024170 -5.073000 -27.121826
v -7.804688 -0.390139 -25.170654
v -1.560791 -0.390139 -25.170654
v -7.024170 -1.170656 -24.780273
v -2.341309 -1.170656 -24.780273
v -7.804688 -5.073000 -25.170654
v -7.024170 -5.073000 -24.780273
v -1.560791 -5.073000 -25.170654
v -2.341309 -5.073000 -24.780273
v -2.341309 -5.073000 -24.780273
v -2.341309 -3.512209 -24.780273
v -2.341309 -5.073000 -27.121826
v -2.341309 -3.512209 -27.121826
v -2.500000 -2.640139 -24.780273
v -2.500000 -2.640139 -27.121826
v -3.024170 -1.853518 -24.780273
v -3.024170 -1.853518 -27.121826
v -3.776855 -1.351809 -24.780273
v -3.776855 -1.351809 -27.121826
v -4.682861 -1.170656 -24.780273
v -4.682861 -1.170656 -27.121826
v -5.588867 -1.351809 -24.780273
v -5.588867 -1.351809 -27.121826
v -6.341309 -1.853518 -24.780273
v -6.341309 -1.853518 -27.121826
v -6.865723 -2.640139 -24.780273
v -6.865723 -2.640139 -27.121826
v -7.024170 -3.511965 -24.780273
v -7.024170 -3.511965 -27.121826
v -7.024170 -5.073000 -24.780273
v -7.024170 -5.073000 -27.121826
v -2.341309 -1.170656 -24.780273
v -2.341309 -3.512209 -24.780273
v -2.500000 -2.640139 -24.780273
v -3.024170 -1.853518 -24.780273
v -3.776855 -1.351809 -24.780273
v -4.682861 -1.170656 -24.780273
v -7.024170 -1.170656 -24.780273
v -4.682861 -1.170656 -24.780273
v -5.588867 -1.351809 -24.780273
v -6.341309 -1.853518 -24.780273
v -6.865723 -2.640139 -24.780273
v -7.024170 -3.511965 -24.780273
v -2.341309 -1.170656 -27.121826
v -2.341309 -3.512209 -27.121826
v -2.500000 -2.640139 -27.121826
v -3.024170 -1.853518 -27.121826
v -3.776855 -1.351809 -27.121826
v -4.682861 -1.170656 -27.121826
v -7.024170 -1.170656 -27.121826
v -4.682861 -1.170656 -27.121826
v -5.588867 -1.351809 -27.121826
v -6.341309 -1.853518 -27.121826
v -6.865723 -2.640139 -27.121826
v -7.024170 -3.511965 -27.121826
v -26.146240 1.951169 -39.219482
v -26.146240 1.769772 -40.125488
v -26.146240 1.268063 -40.877930
v -26.146240 0.481686 -41.402344
v -26.146240 -0.390140 -41.560791
v -26.146240 1.951169 -41.560791
v -26.146240 -0.390384 -36.877930
v -26.146240 0.481686 -37.036377
v -26.146240 1.268063 -37.560791
v -26.146240 1.770017 -38.313477
v -26.146240 1.951169 -39.219482
v -26.146240 1.951169 -36.877930
v -26.536377 2.731686 -36.097412
v -26.536377 -1.951175 -36.097412
v -26.146240 -1.951175 -36.877930
v -26.146240 1.951169 -36.877930
v -26.536377 2.731686 -42.341309
v -26.146240 1.951169 -41.560791
v -26.536377 -1.951175 -42.341309
v -26.146240 -1.951175 -41.560791
v -28.097412 2.731686 -36.097412
v -28.097412 -1.951175 -36.097412
v -28.487549 -1.951175 -36.877930
v -28.487549 1.951169 -36.877930
v -28.097412 2.731686 -42.341309
v -28.487549 1.951169 -41.560791
v -28.097412 -1.951175 -42.341309
v -28.487549 -1.951175 -41.560791
v -28.487793 1.951169 -39.219482
v -28.487793 1.769772 -40.125488
v -28.487793 1.268063 -40.877930
v -28.487793 0.481686 -41.402344
v -28.487793 -0.390140 -41.560791
v -28.487793 1.951169 -41.560791
v -28.487793 -0.390384 -36.877930
v -28.487793 0.481686 -37.036377
v -28.487793 1.268063 -37.560791
v -28.487793 1.770017 -38.313477
v -28.487793 1.951169 -39.219482
v -28.487793 1.951169 -36.877930
v -28.487549 -1.951175 -41.560791
v -26.146240 -1.951175 -41.560791
v -28.487549 -0.390140 -41.560791
v -26.146240 -0.390140 -41.560791
v -28.487549 0.481686 -41.402344
v -26.146240 0.481686 -41.402344
v -28.487549 1.268063 -40.877930
v -26.146240 1.268063 -40.877930
v -28.487549 1.769772 -40.125488
v -26.146240 1.769772 -40.125488
v -28.487549 1.951169 -39.219482
v -26.146240 1.951169 -39.219482
v -28.487549 1.770017 -38.313477
v -26.146240 1.770017 -38.313477
v -28.487549 1.268063 -37.560791
v -26.146240 1.268063 -37.560791
v -28.487549 0.481686 -37.036377
v -26.146240 0.481686 -37.036377
v -28.487549 -0.390140 -36.877930
v -26.146240 -0.390140 -36.877930
v -28.487549 -1.951175 -36.877930
v -26.146240 -1.951175 -36.877930
v -26.536377 0.682860 -11.121826
v -27.316895 0.682860 -11.121826
v -26.536377 1.414550 -11.268066
v -27.316895 1.414550 -11.268066
v -26.536377 1.882811 -11.580078
v -27.316895 1.882811 -11.580078
v -26.536377 2.222899 -12.090332
v -27.316895 2.222899 -12.090332
v -26.536377 2.341308 -12.682861
v -27.316895 2.341308 -12.682861
v -26.536377 2.341308 -15.804688
v -27.316895 2.341308 -15.804688
v -26.536377 2.222899 -16.397217
v -27.316895 2.222899 -16.397217
v -26.536377 1.882811 -16.907471
v -27.316895 1.882811 -16.907471
v -26.536377 1.414550 -17.219482
v -27.316895 1.414550 -17.219482
v -26.536377 0.682860 -17.365723
v -27.316895 0.682860 -17.365723
v -26.536377 2.731688 -12.682861
v -27.316895 2.731688 -12.682861
v -26.536377 2.731688 -15.804688
v -27.316895 2.731688 -15.804688
v -27.316895 2.731688 -11.121826
v -27.316895 2.731688 -17.365723
v -26.536377 2.731688 -17.365723
v -26.536377 2.731688 -11.121826
v -31.999756 0.682860 -11.121826
v -32.780273 0.682860 -11.121826
v -31.999756 1.414550 -11.268066
v -32.780273 1.414550 -11.268066
v -31.999756 1.882811 -11.580078
v -32.780273 1.882811 -11.580078
v -31.999756 2.222899 -12.090332
v -32.780273 2.222899 -12.090332
v -31.999756 2.341308 -12.682861
v -32.780273 2.341308 -12.682861
v -31.999756 2.341308 -15.804688
v -32.780273 2.341308 -15.804688
v -31.999756 2.222899 -16.397217
v -32.780273 2.222899 -16.397217
v -31.999756 1.882811 -16.907471
v -32.780273 1.882811 -16.907471
v -31.999756 1.414550 -17.219482
v -32.780273 1.414550 -17.219482
v -31.999756 0.682860 -17.365723
v -32.780273 0.682860 -17.365723
v -31.999756 2.731688 -12.682861
v -32.780273 2.731688 -12.682861
v -31.999756 2.731688 -15.804688
v -32.780273 2.731688 -15.804688
v -32.780273 2.731688 -11.121826
v -32.780273 2.731688 -17.365723
v -31.999756 2.731688 -17.365723
v -31.999756 2.731688 -11.121826
v -43.707031 2.341307 -20.487549
v -45.268066 2.731687 -20.487549
v -42.145996 2.731687 -20.487549
v -45.268066 0.682859 -20.487549
v -45.268066 0.682859 -21.268066
v -45.121582 1.414549 -20.487549
v -45.121582 1.414549 -21.268066
v -44.809570 1.882566 -20.487549
v -44.809570 1.882566 -21.268066
v -44.299561 2.222898 -20.487549
v -44.299561 2.222898 -21.268066
v -43.707031 2.341307 -21.268066
v -43.114502 2.222898 -20.487549
v -42.145996 2.731687 -21.268066
v -45.268066 2.731687 -21.268066
v -42.145996 0.682859 -21.268066
v -42.145996 0.682859 -20.487549
v -42.292480 1.414549 -21.268066
v -42.292480 1.414549 -20.487549
v -42.604492 1.882810 -21.268066
v -42.604492 1.882810 -20.487549
v -43.114502 2.222898 -21.268066
v -43.707031 2.341307 -29.072998
v -45.268066 2.731687 -29.072998
v -42.145996 2.731687 -29.072998
v -45.268066 0.682859 -29.072998
v -45.268066 0.682859 -29.853516
v -45.121582 1.414549 -29.072998
v -45.121582 1.414549 -29.853516
v -44.809570 1.882566 -29.072998
v -44.809570 1.882566 -29.853516
v -44.299561 2.222898 -29.072998
v -44.299561 2.222898 -29.853516
v -43.707031 2.341307 -29.853516
v -43.114502 2.222898 -29.072998
v -42.145996 2.731687 -29.853516
v -45.268066 2.731687 -29.853516
v -42.145996 0.682859 -29.853516
v -42.145996 0.682859 -29.072998
v -42.292480 1.414549 -29.853516
v -42.292480 1.414549 -29.072998
v -42.604492 1.882810 -29.853516
v -42.604492 1.882810 -29.072998
v -43.114502 2.222898 -29.853516
v -34.341309 2.731688 -4.097413
v -37.463379 2.731688 -4.097413
v -34.341309 0.682860 -4.097413
v -35.309814 2.222899 -9.560791
v -34.487793 1.414550 -4.097413
v -34.799805 1.882811 -8.780273
v -34.799805 1.882811 -4.097413
v -34.799805 1.882811 -9.560791
v -35.309814 2.222899 -4.097413
v -35.309814 2.222899 -3.316895
v -35.902344 2.341308 -4.097413
v -34.487793 1.414550 -8.780273
v -36.494873 2.222899 -4.097413
v -34.487793 1.414550 -9.560791
v -37.004883 1.882567 -4.097413
v -34.341309 0.682860 -8.780273
v -37.316895 1.414550 -4.097413
v -37.316895 1.414550 -3.316895
v -37.463379 0.682860 -4.097413
v -37.463379 0.682860 -3.316895
v -34.341309 2.731688 -3.316895
v -37.463379 2.731688 -3.316895
v -34.341309 0.682860 -3.316895
v -34.487793 1.414550 -3.316895
v -34.799805 1.882811 -3.316895
v -34.341309 0.682860 -9.560791
v -35.902344 2.341308 -3.316895
v -36.494873 2.222899 -3.316895
v -37.004883 1.882567 -3.316895
v -37.463379 2.731688 -9.560791
v -34.341309 2.731688 -9.560791
v -35.309814 2.222899 -8.780273
v -35.902344 2.341308 -9.560791
v -36.494873 2.222899 -9.560791
v -36.494873 2.222899 -8.780273
v -37.004883 1.882567 -9.560791
v -37.004883 1.882567 -8.780273
v -37.316895 1.414550 -9.560791
v -37.316895 1.414550 -8.780273
v -37.463379 0.682860 -9.560791
v -37.463379 0.682860 -8.780273
v -34.341309 2.731688 -8.780273
v -37.463379 2.731688 -8.780273
v -35.902344 2.341308 -8.780273
v -8.585205 -4.682862 -18.926758
v -8.585205 -4.682862 -22.048584
v -7.804688 -4.682862 -22.048584
v -7.804688 -4.682862 -18.926758
v -8.585205 -3.609621 -18.926758
v -8.585205 -3.609621 -22.048584
v -7.804688 -3.609621 -22.048584
v -7.804688 -3.609621 -18.926758
v -7.804688 -2.877932 -21.902344
v -7.804688 -2.409670 -21.590088
v -7.804688 -2.069582 -21.080078
v -7.804688 -1.951174 -20.487793
v -7.804688 -2.069582 -19.895264
v -8.585205 -2.409669 -19.385254
v -7.804688 -2.409669 -19.385254
v -7.804688 -2.877931 -19.072998
v -7.804688 -1.560793 -20.487793
v -7.804688 -1.560793 -18.926758
v -7.804688 -1.560793 -22.048584
v -8.585205 -2.877932 -21.902344
v -8.585205 -2.409670 -21.590088
v -8.585205 -2.069582 -21.080078
v -8.585205 -1.951174 -20.487793
v -8.585205 -2.069582 -19.895264
v -8.585205 -2.877931 -19.072998
v -8.585205 -1.170655 -20.487793
v -8.585205 -1.170655 -18.926758
v -8.585205 -1.170655 -22.048584
vn -0.0000 0.4473 0.8944
vn 1.0000 -0.0000 -0.0000
vn -0.4473 -0.0000 0.8944
vn 0.9839 -0.1788 -0.0000
vn 0.8321 -0.5546 -0.0000
vn -0.8321 -0.5546 -0.0000
vn -0.9839 -0.1789 -0.0000
vn -1.0000 -0.0000 -0.0000
vn 0.4473 -0.0000 0.8944
vn -0.0000 0.4471 -0.8945
vn -0.4471 -0.0000 -0.8945
vn 0.4471 -0.0000 0.8945
vn 0.4471 -0.0000 -0.8945
vn 0.5546 -0.8321 -0.0000
vn 0.1963 -0.9805 -0.0000
vn -0.1963 -0.9806 -0.0000
vn -0.5546 -0.8321 -0.0000
vn -0.0000 -0.0000 1.0000
vn -0.0000 -0.0000 -1.0000
vn -0.0000 0.4471 0.8945
vn -0.4471 -0.0000 0.8945
vn 0.2356 0.2356 -0.9428
vn -0.0000 -0.1871 -0.9823
vn -0.0000 -0.5547 -0.8321
vn -0.0000 -0.8223 -0.5691
vn -0.0000 -0.9839 -0.1789
vn -0.0000 -1.0000 -0.0000
vn -0.0000 -0.9839 0.1790
vn -0.0000 -0.8223 0.5691
vn -0.0000 -0.5547 0.8321
vn -0.0000 -0.1871 0.9823
vn -0.0000 0.4472 -0.8944
vn -0.4473 -0.0000 -0.8944
vn -0.9838 -0.1790 -0.0000
vn -0.8322 -0.5545 -0.0000
vn -0.1961 -0.9806 -0.0000
vn 0.1961 -0.9806 -0.0000
vn 0.5548 -0.8320 -0.0000
vn 0.8321 -0.5547 -0.0000
vn 0.8945 -0.0000 0.4471
vn 0.8945 0.4471 -0.0000
vn 0.8945 -0.0000 -0.4471
vn -0.8945 -0.0000 0.4471
vn -0.8945 0.4471 -0.0000
vn -0.8945 -0.0000 -0.4471
vn -0.0000 -0.1788 0.9839
vn -0.0000 -0.5548 0.8320
vn -0.0000 -0.8320 0.5548
vn -0.0000 -0.9805 0.1963
vn -0.0000 -0.9806 -0.1961
vn -0.0000 -0.8320 -0.5548
vn -0.0000 -0.5548 -0.8320
vn -0.0000 -0.1788 -0.9839
vn -0.0000 -0.1960 -0.9806
vn -0.0000 -0.5545 -0.8322
vn -0.0000 -0.8321 -0.5546
vn -0.0000 -0.9806 -0.1960
vn -0.0000 -0.9806 0.1960
vn -0.0000 -0.8321 0.5546
vn -0.0000 -0.5545 0.8322
vn -0.0000 -0.1960 0.9806
vn 0.9805 -0.1963 -0.0000
vn 0.5551 -0.8318 -0.0000
vn 0.1960 -0.9806 -0.0000
vn -0.1960 -0.9806 -0.0000
vn -0.5548 -0.8320 -0.0000
vn -0.9805 -0.1963 -0.0000
vn -0.0000 1.0000 -0.0000
s 1
usemtl rock
f 2345//450 2346//450 2344//450 2343//450
f 2347//451 2348//451 2349//451 2350//451
f 2350//452 2351//452 2352//452 2353//452
f 2354//453 2355//453 2356//453 2357//453
f 2358//454 2359//454 2360//454 2361//454
f 2362//455 2363//455 2364//455 2365//455
f 2366//456 2367//456 2368//456 2369//456
f 2370//457 2371//457 2372//457 2373//457
f 2374//458 2375//458 2376//458 2377//458
f 2378//459 2379//459 2380//459 2381//459
f 2382//451 2383//451 2384//451 2385//451
f 2386//460 2387//460 2388//460 2382//460
f 2389//453 2390//453 2391//453 2392//453
f 2393//454 2394//454 2395//454 2396//454
f 2397//455 2398//455 2399//455 2400//455
f 2401//456 2402//456 2403//456 2404//456
f 2409//461 2410//461 2406//461 2405//461
f 2408//462 2407//462 2411//462 2412//462
f 2413//463 2414//463 2415//463 2416//463
f 2417//464 2418//464 2419//464 2420//464
f 2421//465 2422//465 2423//465 2424//465
f 2425//466 2426//466 2427//466 2428//466
f 2429//463 2430//463 2431//463 2432//463
f 2433//464 2434//464 2435//464 2436//464
f 2437//465 2438//465 2439//465 2440//465
f 2441//466 2442//466 2443//466 2444//466
f 2445//457 2446//457 2447//457 2448//457
s 0
f 2458//467 2454//467 2457//467
f 2459//467 2454//467 2458//467
f 2454//467 2459//467 2452//467
f 2454//467 2452//467 2453//467
f 2450//467 2451//467 2449//467
f 2451//467 2455//467 2449//467
f 2449//467 2455//467 2456//467
f 2457//467 2449//467 2456//467
f 2469//468 2468//468 2465//468
f 2470//468 2469//468 2465//468
f 2465//468 2463//468 2470//468
f 2465//468 2464//468 2463//468
f 2461//468 2460//468 2462//468
f 2462//468 2460//468 2466//468
f 2460//468 2467//468 2466//468
f 2468//468 2467//468 2460//468
f 2480//467 2476//467 2479//467
f 2481//467 2476//467 2480//467
f 2476//467 2481//467 2474//467
f 2476//467 2474//467 2475//467
f 2472//467 2473//467 2471//467
f 2473//467 2477//467 2471//467
f 2471//467 2477//467 2478//467
f 2479//467 2471//467 2478//467
f 2491//468 2490//468 2487//468
f 2492//468 2491//468 2487//468
f 2487//468 2485//468 2492//468
f 2487//468 2486//468 2485//468
f 2483//468 2482//468 2484//468
f 2484//468 2482//468 2488//468
f 2482//468 2489//468 2488//468
f 2490//468 2489//468 2482//468
s 1
f 2494//460 2495//460 2496//460 2493//460
f 2497//469 2498//469 2499//469 2500//469
f 2501//470 2502//470 2503//470 2504//470
f 2507//459 2508//471 2506//471 2505//459
f 2506//471 2508//471 2510//462 2509//462
f 2511//459 2512//459 2513//459 2514//459
f 2516//460 2517//460 2518//460 2515//460
f 2520//462 2519//462 2521//462 2522//462
s 0
f 2532//468 2531//468 2528//468
f 2533//468 2532//468 2528//468
f 2528//468 2526//468 2533//468
f 2528//468 2527//468 2526//468
f 2524//468 2523//468 2525//468
f 2525//468 2523//468 2529//468
f 2523//468 2530//468 2529//468
f 2531//468 2530//468 2523//468
f 2550//472 2551//472 2535//472 2534//472
f 2535//473 2551//473 2552//473 2536//473
f 2536//474 2552//474 2553//474 2537//474
f 2537//475 2553//475 2538//475 2539//475
f 2539//476 2538//476 2554//476 2540//476
f 2540//477 2554//477 2555//477 2541//477
f 2541//478 2555//478 2556//478 2542//478
f 2542//479 2556//479 2557//479 2543//479
f 2543//480 2557//480 2544//480 2545//480
f 2545//467 2544//467 2546//467 2547//467
f 2541//451 2542//451 2549//451
f 2543//451 2545//451 2549//451
f 2549//451 2540//451 2541//451
f 2542//451 2543//451 2549//451
f 2535//451 2536//451 2548//451
f 2537//451 2539//451 2548//451
f 2548//451 2534//451 2535//451
f 2536//451 2537//451 2548//451
s 1
f 2561//457 2558//457 2560//457 2559//457
s 0
f 2555//457 2561//457 2556//457
f 2557//457 2561//457 2544//457
f 2561//457 2555//457 2554//457
f 2556//457 2561//457 2557//457
f 2551//457 2558//457 2552//457
f 2553//457 2558//457 2538//457
f 2558//457 2551//457 2550//457
f 2552//457 2558//457 2553//457
f 2576//472 2577//472 2563//472 2562//472
f 2563//473 2577//473 2578//473 2564//473
f 2564//474 2578//474 2579//474 2565//474
f 2565//475 2579//475 2566//475 2567//475
f 2567//476 2566//476 2580//476 2568//476
f 2568//477 2580//477 2581//477 2569//477
f 2569//478 2581//478 2582//478 2570//478
f 2570//479 2582//479 2583//479 2571//479
f 2571//480 2583//480 2572//480 2573//480
f 2569//451 2570//451 2575//451
f 2571//451 2573//451 2575//451
f 2575//451 2568//451 2569//451
f 2570//451 2571//451 2575//451
f 2563//451 2564//451 2574//451
f 2565//451 2567//451 2574//451
f 2574//451 2562//451 2563//451
f 2564//451 2565//451 2574//451
f 2581//457 2585//457 2582//457
f 2583//457 2585//457 2572//457
f 2585//457 2581//457 2580//457
f 2582//457 2585//457 2583//457
f 2577//457 2584//457 2578//457
f 2579//457 2584//457 2566//457
f 2584//457 2577//457 2576//457
f 2578//457 2584//457 2579//457
f 2586//451 2587//451 2589//451 2588//451
f 2592//467 2591//467 2594//467 2595//467
f 2591//481 2590//481 2593//481 2594//481
f 2593//462 2590//462 2596//462 2598//462
f 2592//482 2595//482 2599//482 2597//482
f 2600//450 2602//450 2603//450 2601//450
f 2602//452 2600//452 2604//452 2605//452
f 2601//458 2603//458 2607//458 2606//458
f 2608//457 2609//457 2611//457 2610//457
f 2611//483 2609//483 2612//483 2613//483
f 2613//484 2612//484 2614//484 2615//484
f 2615//466 2614//466 2616//466 2617//466
f 2617//485 2616//485 2618//485 2619//485
f 2619//486 2618//486 2620//486 2621//486
f 2621//487 2620//487 2622//487 2623//487
f 2623//488 2622//488 2624//488 2625//488
f 2625//453 2624//453 2626//453 2627//453
f 2627//451 2626//451 2628//451 2629//451
f 2632//467 2630//467 2633//467
f 2634//467 2630//467 2635//467
f 2630//467 2632//467 2631//467
f 2633//467 2630//467 2634//467
f 2636//467 2640//467 2639//467
f 2638//467 2637//467 2636//467
f 2636//467 2641//467 2640//467
f 2639//467 2638//467 2636//467
f 2644//468 2645//468 2642//468
f 2646//468 2647//468 2642//468
f 2642//468 2643//468 2644//468
f 2645//468 2646//468 2642//468
f 2648//468 2651//468 2652//468
f 2650//468 2648//468 2649//468
f 2648//468 2652//468 2653//468
f 2651//468 2648//468 2650//468
f 2655//451 2656//451 2659//451
f 2657//451 2658//451 2659//451
f 2659//451 2654//451 2655//451
f 2656//451 2657//451 2659//451
f 2661//451 2662//451 2665//451
f 2663//451 2664//451 2665//451
f 2665//451 2660//451 2661//451
f 2662//451 2663//451 2665//451
f 2667//489 2668//489 2669//489 2666//489
f 2666//490 2669//490 2671//490 2670//490
f 2670//491 2671//491 2673//491 2672//491
f 2675//492 2674//492 2677//492 2676//492
f 2674//493 2678//493 2679//493 2677//493
f 2678//494 2680//494 2681//494 2679//494
f 2683//457 2687//457 2684//457
f 2685//457 2687//457 2686//457
f 2687//457 2683//457 2682//457
f 2684//457 2687//457 2685//457
f 2689//457 2693//457 2690//457
f 2691//457 2693//457 2692//457
f 2693//457 2689//457 2688//457
f 2690//457 2693//457 2691//457
f 2694//467 2695//467 2697//467 2696//467
f 2696//495 2697//495 2699//495 2698//495
f 2698//496 2699//496 2701//496 2700//496
f 2700//497 2701//497 2703//497 2702//497
f 2702//498 2703//498 2705//498 2704//498
f 2704//499 2705//499 2707//499 2706//499
f 2706//500 2707//500 2709//500 2708//500
f 2708//501 2709//501 2711//501 2710//501
f 2710//502 2711//502 2713//502 2712//502
f 2712//468 2713//468 2715//468 2714//468
f 2716//503 2717//503 2719//503 2718//503
f 2718//504 2719//504 2721//504 2720//504
f 2720//505 2721//505 2723//505 2722//505
f 2722//506 2723//506 2725//506 2724//506
f 2724//476 2725//476 2727//476 2726//476
f 2726//507 2727//507 2729//507 2728//507
f 2728//508 2729//508 2731//508 2730//508
f 2730//509 2731//509 2733//509 2732//509
f 2732//510 2733//510 2735//510 2734//510
f 2724//451 2726//451 2738//451 2736//451
f 2727//457 2725//457 2737//457 2739//457
f 2740//457 2723//457 2721//457
f 2741//457 2733//457 2731//457
f 2743//451 2718//451 2720//451
f 2728//451 2730//451 2742//451
f 2744//503 2745//503 2747//503 2746//503
f 2746//504 2747//504 2749//504 2748//504
f 2748//505 2749//505 2751//505 2750//505
f 2750//506 2751//506 2753//506 2752//506
f 2752//476 2753//476 2755//476 2754//476
f 2754//507 2755//507 2757//507 2756//507
f 2756//508 2757//508 2759//508 2758//508
f 2758//509 2759//509 2761//509 2760//509
f 2760//510 2761//510 2763//510 2762//510
f 2752//451 2754//451 2766//451 2764//451
f 2755//457 2753//457 2765//457 2767//457
f 2768//457 2751//457 2749//457
f 2769//457 2761//457 2759//457
f 2771//451 2746//451 2748//451
f 2756//451 2758//451 2770//451
f 2773//467 2772//467 2774//467
f 2784//467 2792//467 2774//467
f 2773//467 2781//467 2772//467
f 2773//467 2779//467 2781//467
f 2792//467 2790//467 2774//467
f 2790//467 2788//467 2774//467
f 2773//467 2777//467 2779//467
f 2773//467 2775//467 2777//467
f 2772//467 2784//467 2774//467
f 2786//468 2785//468 2783//468
f 2793//468 2785//468 2791//468
f 2786//468 2783//468 2782//468
f 2786//468 2782//468 2780//468
f 2791//468 2785//468 2789//468
f 2789//468 2785//468 2787//468
f 2786//468 2780//468 2778//468
f 2786//468 2778//468 2776//468
f 2783//468 2785//468 2793//468
f 2778//511 2777//511 2775//511 2776//511
f 2780//488 2779//488 2777//488 2778//488
f 2782//512 2781//512 2779//512 2780//512
f 2783//513 2772//513 2781//513 2782//513
f 2793//514 2784//514 2772//514 2783//514
f 2791//515 2792//515 2784//515 2793//515
f 2789//484 2790//484 2792//484 2791//484
f 2787//516 2788//516 2790//516 2789//516
f 2795//467 2794//467 2796//467
f 2806//467 2814//467 2796//467
f 2795//467 2803//467 2794//467
f 2795//467 2801//467 2803//467
f 2814//467 2812//467 2796//467
f 2812//467 2810//467 2796//467
f 2795//467 2799//467 2801//467
f 2795//467 2797//467 2799//467
f 2794//467 2806//467 2796//467
f 2808//468 2807//468 2805//468
f 2815//468 2807//468 2813//468
f 2808//468 2805//468 2804//468
f 2808//468 2804//468 2802//468
f 2813//468 2807//468 2811//468
f 2811//468 2807//468 2809//468
f 2808//468 2802//468 2800//468
f 2808//468 2800//468 2798//468
f 2805//468 2807//468 2815//468
f 2800//511 2799//511 2797//511 2798//511
f 2802//488 2801//488 2799//488 2800//488
f 2804//512 2803//512 2801//512 2802//512
f 2805//513 2794//513 2803//513 2804//513
f 2815//514 2806//514 2794//514 2805//514
f 2813//515 2814//515 2806//515 2815//515
f 2811//484 2812//484 2814//484 2813//484
f 2809//516 2810//516 2812//516 2811//516
f 2818//516 2838//516 2839//516 2820//516
f 2820//484 2839//484 2840//484 2822//484
f 2822//515 2840//515 2825//515 2824//515
f 2824//514 2825//514 2842//514 2826//514
f 2826//513 2842//513 2843//513 2828//513
f 2828//512 2843//512 2844//512 2830//512
f 2830//488 2844//488 2833//488 2832//488
f 2832//511 2833//511 2835//511 2834//511
f 2826//468 2816//468 2824//468
f 2817//468 2832//468 2834//468
f 2817//468 2830//468 2832//468
f 2820//468 2816//468 2818//468
f 2822//468 2816//468 2820//468
f 2817//468 2828//468 2830//468
f 2817//468 2826//468 2828//468
f 2824//468 2816//468 2822//468
f 2817//468 2816//468 2826//468
f 2842//467 2825//467 2836//467
f 2837//467 2835//467 2833//467
f 2837//467 2833//467 2844//467
f 2839//467 2838//467 2836//467
f 2840//467 2839//467 2836//467
f 2837//467 2844//467 2843//467
f 2837//467 2843//467 2842//467
f 2825//467 2840//467 2836//467
f 2837//467 2842//467 2836//467
f 2841//516 2831//516 2827//516 2829//516
f 2829//484 2827//484 2821//484 2823//484
f 2823//515 2821//515 2847//515 2819//515
f 2819//514 2847//514 2859//514 2848//514
f 2848//513 2859//513 2850//513 2849//513
f 2849//512 2850//512 2852//512 2851//512
f 2851//488 2852//488 2854//488 2853//488
f 2853//511 2854//511 2856//511 2855//511
f 2848//468 2846//468 2819//468
f 2845//468 2853//468 2855//468
f 2845//468 2851//468 2853//468
f 2829//468 2846//468 2841//468
f 2823//468 2846//468 2829//468
f 2845//468 2849//468 2851//468
f 2845//468 2848//468 2849//468
f 2819//468 2846//468 2823//468
f 2845//468 2846//468 2848//468
f 2859//467 2847//467 2857//467
f 2858//467 2856//467 2854//467
f 2858//467 2854//467 2852//467
f 2827//467 2831//467 2857//467
f 2821//467 2827//467 2857//467
f 2858//467 2852//467 2850//467
f 2858//467 2850//467 2859//467
f 2847//467 2821//467 2857//467
f 2858//467 2859//467 2857//467
f 2863//517 2862//517 2861//517 2860//517
f 2861//467 2862//467 2866//467 2865//467
f 2863//468 2860//468 2864//468 2867//468
f 2865//510 2866//510 2868//510 2879//510
f 2879//496 2868//496 2869//496 2880//496
f 2880//497 2869//497 2870//497 2881//497
f 2881//507 2870//507 2871//507 2882//507
f 2882//506 2871//506 2872//506 2883//506
f 2883//500 2872//500 2874//500 2873//500
f 2873//501 2874//501 2875//501 2884//501
f 2864//503 2884//503 2875//503 2867//503
f 2878//451 2870//451 2869//451
f 2877//451 2875//451 2874//451
f 2887//457 2880//457 2881//457
f 2873//457 2884//457 2886//457
f 2868//451 2866//451 2878//451
f 2878//451 2876//451 2870//451
f 2876//451 2871//451 2870//451
f 2869//451 2868//451 2878//451
f 2872//451 2871//451 2876//451
f 2877//451 2867//451 2875//451
f 2874//451 2872//451 2877//451
f 2872//451 2876//451 2877//451
f 2887//457 2865//457 2879//457
f 2887//457 2879//457 2880//457
f 2882//457 2885//457 2881//457
f 2885//457 2887//457 2881//457
f 2885//457 2882//457 2883//457
f 2885//457 2883//457 2886//457
f 2883//457 2873//457 2886//457
f 2884//457 2864//457 2886//457
f 2719//457 2717//457 2740//457
f 2740//457 2737//457 2723//457
f 2737//457 2725//457 2723//457
f 2721//457 2719//457 2740//457
f 2729//457 2727//457 2739//457
f 2741//457 2735//457 2733//457
f 2731//457 2729//457 2741//457
f 2729//457 2739//457 2741//457
f 2722//451 2724//451 2736//451
f 2743//451 2716//451 2718//451
f 2720//451 2722//451 2743//451
f 2722//451 2736//451 2743//451
f 2732//451 2734//451 2742//451
f 2742//451 2738//451 2728//451
f 2738//451 2726//451 2728//451
f 2730//451 2732//451 2742//451
f 2747//457 2745//457 2768//457
f 2768//457 2765//457 2751//457
f 2765//457 2753//457 2751//457
f 2749//457 2747//457 2768//457
f 2757//457 2755//457 2767//457
f 2769//457 2763//457 2761//457
f 2759//457 2757//457 2769//457
f 2757//457 2767//457 2769//457
f 2750//451 2752//451 2764//451
f 2771//451 2744//451 2746//451
f 2748//451 2750//451 2771//451
f 2750//451 2764//451 2771//451
f 2760//451 2762//451 2770//451
f 2770//451 2766//451 2756//451
f 2766//451 2754//451 2756//451
f 2758//451 2760//451 2770//451
o ground_road
v 36.682861 1.170649 -66.341309
v 35.902344 1.170649 -61.072998
v 41.365723 1.170649 -66.536377
v 23.414551 -1.951170 29.463379
v 23.414551 -1.951170 20.487793
v 17.170654 -1.951170 20.487793
v 17.170654 -1.951170 29.463379
v 42.146240 -1.951175 -42.341309
v 42.146240 -1.951172 -4.877930
v 23.414551 -1.951172 -4.877931
v 35.902344 -1.951173 -11.121826
v 17.170654 -1.951173 -11.121826
v -1.560791 -1.951172 -4.877930
v 35.902344 1.170650 -54.829102
v 42.146240 -1.951173 -14.243896
v -7.804688 -1.951172 1.365723
v -1.560791 -1.951172 7.609619
v 35.902344 -1.951175 -42.341309
v -7.804688 -1.951172 -4.853516
v 42.146240 -6.634033 7.597413
v 35.902344 -6.634033 7.597413
v 42.146240 1.170649 -61.072998
v 42.145996 1.170650 -54.829102
v 29.670654 -1.951175 -42.341309
v 35.902344 -1.951172 -4.877930
v -49.951172 1.170657 35.707275
v -49.951172 1.170656 29.463379
v -17.170654 1.170656 29.463379
v -17.170654 1.170657 35.707275
v -42.146118 1.170657 35.707275
v -25.755859 1.170657 35.707275
v -25.755859 1.170656 29.463379
v -39.024170 1.170656 29.451172
v -45.268066 1.170656 29.463379
v -39.024170 -1.951171 16.975586
v -45.268066 -1.951172 1.365723
v -45.268066 -1.951171 16.975586
v -39.024170 -1.951171 7.609619
v -29.658447 -1.951171 7.609619
v -29.658447 -1.951172 1.365723
v 4.682861 -1.951170 29.463379
v -7.804688 1.170656 29.463379
v 4.682861 -1.951169 35.707275
v -7.804688 1.170657 35.707275
v 14.048584 -1.951169 35.707275
v 14.048584 -1.951170 29.463379
v -1.560791 -5.072999 -17.341309
v -7.804688 -5.072999 -17.316895
v -1.560791 -5.073001 -36.097412
v -1.560791 -5.073001 -42.341309
v -14.048584 -5.073001 -36.097412
v -14.048584 -5.073001 -42.341309
v 17.170654 -5.073001 -36.097412
v 17.170654 -5.073001 -42.341309
v -23.414551 -1.951175 -36.097412
v -23.414551 -1.951175 -42.341309
v -34.341431 -1.951175 -36.097412
v -31.219482 -1.951175 -42.341309
v -37.463379 -1.951175 -42.341309
v -47.219482 -1.951175 -36.097412
v -47.219482 -1.951175 -42.341309
v -31.219482 -1.951176 -56.390137
v -37.463379 -1.951176 -56.390137
v -14.048584 -1.951172 1.365723
v -14.048584 -1.951172 7.609619
v 42.146240 -6.634033 13.072999
v 35.902344 -6.634033 13.072999
v 35.902344 -1.951175 -42.341309
v 35.902344 -1.951175 -36.097412
v 29.670654 -1.951175 -36.097412
v -1.560791 -5.073001 -36.097412
v -7.804688 -5.073003 -36.097412
vn -0.0000 1.0000 -0.0000
vn -0.0005 0.9924 -0.1227
vn -0.0005 0.9925 -0.1221
vn -0.0000 0.9701 0.2425
vn -0.0000 0.9929 0.1188
vn -0.0000 0.9839 0.1786
vn -0.0002 0.9701 -0.2426
vn 0.2425 0.9701 -0.0000
vn 0.1222 0.9925 -0.0000
vn -0.1221 0.9925 -0.0000
vn 0.1602 0.9871 -0.0000
s 1
usemtl rock
f 2891//518 2892//518 2893//518 2894//518
f 2900//519 2906//520 2903//518 2904//518
f 2895//521 2910//521 2901//521 2905//521
f 2899//518 2897//518 2912//522 2898//518
f 2898//518 2902//518 2895//518 2905//518
f 2909//518 2890//518 2888//518 2889//518
f 2909//518 2889//518 2901//518 2910//518
f 2898//518 2912//522 2896//523 2902//518
f 2918//518 2919//518 2920//518 2917//518
f 2915//518 2919//518 2918//518 2916//518
f 2917//518 2921//518 2914//518 2913//518
f 2920//524 2922//524 2924//524 2921//524
f 2922//518 2925//518 2923//518 2924//518
f 2926//518 2927//518 2923//518 2925//518
f 2930//525 2928//525 2929//526 2931//526
f 2931//526 2929//526 2915//518 2916//518
f 2932//518 2933//518 2928//518 2930//518
f 2917//518 2920//518 2921//518
f 2897//518 2899//518 2893//518 2892//518
f 2906//520 2900//519 2934//520 2935//519
f 2935//519 2934//520 2958//518 2959//518
f 2937//518 2936//518 2940//527 2941//527
f 2911//527 2941//527 2940//527 2957//527
f 2938//528 2939//528 2943//528 2942//528
f 2942//528 2943//528 2945//518 2944//518
f 2944//518 2945//518 2946//518
f 2944//518 2946//518 2948//518 2947//518
f 2946//518 2945//518 2949//518 2950//518
f 2904//518 2903//518 2951//518 2952//518
f 2912//522 2908//523 2907//523 2896//523
f 2907//523 2908//523 2954//518 2953//518
f 2955//518 2911//527 2957//527 2956//518
f 2937//518 2939//528 2938//528 2936//518
o rocks_actual
v -17.482422 1.196041 -52.565674
v -18.722656 0.987545 -51.413574
v -18.744629 -2.099858 -49.333740
v -15.418945 -2.099858 -52.049805
v -21.925049 0.994137 -50.632812
v -21.947021 -2.093266 -48.552979
v -18.744629 -3.353520 -49.333740
v -15.418945 -3.353520 -52.049805
v -21.947021 -3.346928 -48.552979
v -20.292480 1.548580 -53.268066
v -26.536377 1.948905 -53.308670
v -26.536377 1.315670 -50.775391
v -26.536377 -1.073002 -49.173584
v -30.243652 4.292476 -56.780273
v -27.707275 4.292476 -54.243896
v -26.914551 4.292722 -53.268066
v -20.026855 1.343502 -52.524170
v -21.853516 4.289547 -53.258545
v -26.536377 1.780269 -52.634033
v -19.985685 2.347115 -54.649460
v -21.812346 5.293159 -55.383835
v -20.292480 5.612789 -53.268066
v -24.926758 5.072993 -54.036377
v -24.926758 4.292475 -54.036377
v -29.670654 5.072994 -56.402344
v -29.670654 4.292476 -56.402344
v -36.690430 5.853511 -62.253906
v -39.036377 4.292475 -64.207275
v -20.292480 5.853511 -54.013428
v -22.829102 6.329098 -56.780273
v -28.617676 7.414546 -62.965088
v -34.353516 7.414546 -65.780518
v -20.292480 5.853512 -64.195068
v -14.048584 5.060788 -51.707031
v -28.617676 7.414546 -70.230225
v -34.353516 7.414546 -76.540283
v -18.105469 6.164546 -55.027100
v -14.048584 -3.876052 -51.703915
v -20.292480 -1.609623 -53.268066
v -20.292480 1.548580 -53.268066
v -9.341309 -4.381840 -47.865723
v -9.341309 -0.464603 -47.865723
v -14.048584 -3.876052 -51.703915
v -14.048584 -0.390141 -51.707275
v -6.255859 -4.444828 -47.085205
v -6.255859 -0.440234 -46.947281
v -1.560791 -4.444828 -47.011963
v -1.560791 -0.390141 -47.011963
v -6.220215 2.563228 -49.074219
v -1.556266 2.868995 -49.205570
v -9.373535 2.565426 -49.867676
v -11.337158 2.903316 -51.707275
v -0.387512 2.702924 -49.106369
v -1.560791 3.902340 -53.255859
v 0.917331 3.708585 -53.890285
v -7.768066 3.107174 -51.707275
v -7.768066 3.107174 -51.707275
v -14.048584 -0.390141 -51.707275
v -14.048584 5.060787 -51.707275
v -7.768311 5.063228 -51.707275
v -1.560791 3.902340 -53.255859
v 1.604736 5.831538 -54.047363
v 4.325036 3.442149 -54.762695
v 4.682861 4.292475 -54.816895
v -12.115967 7.020260 -59.406738
v -11.393066 7.121822 -57.951172
v -0.951172 7.109615 -57.951172
v 4.682861 4.292475 -61.072998
v 1.604736 5.831538 -61.854736
v -7.756104 5.220942 -64.195068
v -39.036377 4.292474 -78.243896
v -35.902344 6.377924 -78.243896
v -50.327362 5.571531 -36.243652
v -48.377930 2.718016 -36.097412
v -48.691544 6.333738 -29.853516
v -46.807266 3.511961 -29.853516
v -55.024414 7.594969 -31.414551
v -56.081543 7.057858 -35.647217
v -53.707520 5.231931 -42.343506
v -54.634033 4.578366 -44.699707
v -54.634033 4.292477 -45.699463
v -57.755859 4.292477 -45.768311
v -57.755859 5.226314 -42.350586
v -48.377930 -1.205080 -36.097412
v -46.807266 -0.411135 -29.853516
v -47.444988 -2.744875 -36.585205
v -45.874325 -1.950930 -30.341309
v -46.777843 4.144773 -24.860352
v -48.870834 7.412296 -23.258791
v -48.968994 7.414549 -24.394775
v -49.951172 7.414549 -25.664551
v -49.951172 7.414549 -23.004780
v -51.035400 9.583251 -15.459475
v -50.341309 8.195067 -12.682862
v -46.829102 4.292478 -23.609619
v -46.829102 3.511961 -25.170654
v -27.865723 3.085201 -52.877930
v -27.865723 1.902340 -52.877930
v -26.646240 2.048580 -52.877930
v -26.646240 3.583248 -52.877930
v -27.619385 1.468502 -51.114014
v -26.646240 3.583004 -52.877930
v -27.865723 3.085201 -52.877686
v -27.999756 1.463375 -51.268311
v -26.685633 2.721079 -49.305847
v -26.853760 1.951168 -49.658447
v -27.250488 3.300045 -50.531250
v -27.913439 2.666338 -49.209587
v -27.777344 3.296871 -50.525635
v -27.868164 1.944820 -49.647461
vn 0.5618 0.4594 0.6879
vn 0.1994 0.5465 0.8134
vn 0.2369 -0.0000 0.9715
vn 0.6325 -0.0000 0.7745
vn 0.0610 0.9685 0.2414
vn 0.0603 0.9685 0.2416
vn 0.0125 0.5579 0.8298
vn -0.0008 0.2429 0.9701
vn 0.7840 0.5553 0.2774
vn -0.0002 0.9042 0.4270
vn -0.1435 0.9798 0.1390
vn -0.1407 0.9810 0.1333
vn -0.1469 0.9799 0.1347
vn -0.1636 -0.0000 0.9865
vn -0.4463 -0.0000 0.8949
vn -0.6402 0.0006 0.7682
vn -0.1573 0.9379 0.3091
vn -0.1571 0.9381 0.3088
vn -0.1572 0.9379 0.3092
vn -0.1543 0.9379 0.3107
vn -0.1545 0.9387 0.3081
vn -0.0000 1.0000 -0.0000
vn 0.0132 0.9517 0.3067
vn 0.0013 0.9514 0.3081
vn 0.0094 0.9498 0.3128
vn 0.0103 0.9499 0.3123
vn 0.1849 0.9827 0.0060
vn 0.1809 0.9835 -0.0047
vn 0.1822 0.9832 0.0056
vn -0.2371 0.0011 0.9715
vn -0.2437 0.0060 0.9698
vn -0.2425 -0.0000 0.9701
vn -0.2371 0.0010 0.9715
vn -0.2429 0.0003 0.9701
vn -0.6321 0.0004 0.7749
vn -0.2655 -0.0168 0.9640
vn -0.0008 -0.0171 0.9999
vn -0.0044 0.5679 0.8231
vn -0.2227 0.5507 0.8045
vn -0.5604 0.4563 0.6912
vn 0.0089 0.5583 0.8296
vn 0.1303 0.9617 0.2411
vn -0.0570 0.9701 0.2360
vn -0.0606 0.9682 0.2426
vn -0.0000 -0.0000 1.0000
vn 0.2421 0.0004 0.9702
vn 0.2433 -0.0133 0.9699
vn 0.1843 0.9829 -0.0000
vn -0.1397 0.9902 -0.0059
vn -0.1467 0.9892 0.0009
vn -0.1409 0.9900 0.0060
vn -0.1400 0.9901 0.0061
vn -0.1413 0.9899 -0.0057
vn -0.1471 0.9891 0.0012
vn -0.1463 0.9892 -0.0027
vn 0.0004 0.9971 -0.0761
vn 0.0012 0.9975 -0.0702
vn 0.0037 0.9979 -0.0648
vn 0.0011 0.9499 0.3125
vn 0.0059 0.9490 0.3151
vn 0.0064 0.9503 0.3113
vn -0.0039 0.9486 0.3165
vn 0.0060 0.9490 0.3151
vn 0.0003 0.9498 0.3128
vn 0.0005 0.9499 0.3126
vn 0.4483 0.8939 -0.0012
vn 0.4472 0.8944 -0.0000
vn 0.4478 0.8941 -0.0007
vn 0.0341 0.9487 -0.3144
vn 0.0392 0.9495 -0.3113
vn 0.0400 0.9487 -0.3135
vn 0.0340 0.9487 -0.3144
vn 0.0399 0.9487 -0.3136
vn -0.5547 0.8321 -0.0000
vn -0.5547 0.8321 -0.0001
vn -0.5547 0.8320 -0.0000
vn -0.5546 0.8321 0.0003
vn -0.5547 0.8321 0.0001
vn 0.8013 0.5343 -0.2692
vn 0.2304 0.9568 -0.1773
vn 0.2303 0.9568 -0.1773
vn 0.2302 0.9568 -0.1774
vn 0.2304 0.9568 -0.1772
vn 0.2305 0.9568 -0.1772
vn 0.2306 0.9568 -0.1770
vn 0.0001 0.9643 -0.2648
vn 0.0001 0.9643 -0.2649
vn -0.0002 0.9644 -0.2643
vn 0.0034 0.9642 -0.2650
vn -0.0007 0.9650 -0.2623
vn -0.0006 0.9651 -0.2618
vn 0.7300 0.5568 -0.3962
vn 0.7170 0.5596 -0.4156
vn 0.7204 0.5592 -0.4102
vn 0.7227 0.5590 -0.4065
vn 0.7240 0.5563 -0.4080
vn 0.7202 0.5595 -0.4102
vn 0.7239 0.5563 -0.4079
vn 0.7298 0.5570 -0.3963
vn 0.9698 -0.0000 -0.2440
vn 0.7839 0.5599 -0.2684
vn 0.8296 0.5533 -0.0757
vn 0.8294 0.5535 -0.0754
vn 0.8241 0.5621 -0.0694
vn 0.8297 0.5562 -0.0470
vn 0.8294 0.5567 -0.0470
vn 0.8314 0.5535 -0.0491
vn 0.8311 0.5541 -0.0479
vn 0.2333 0.9562 -0.1766
vn 0.2296 0.9575 -0.1745
vn 0.2339 0.9553 -0.1807
vn 0.0008 1.0000 0.0006
vn 0.0040 1.0000 0.0011
vn 0.0011 1.0000 0.0007
vn 0.2357 0.9554 -0.1780
vn 0.2386 0.9541 -0.1810
vn 0.8944 0.4472 -0.0000
vn 0.9965 -0.0830 0.0046
vn -0.9966 -0.0000 -0.0830
vn 0.8756 -0.0000 0.4831
vn -0.2807 0.6877 0.6696
vn -0.1544 0.9379 0.3106
vn -0.1543 0.9380 0.3105
vn -0.1542 0.9380 0.3103
vn 0.9072 -0.0054 -0.4207
vn -0.0057 -0.5444 -0.8388
vn -0.9947 -0.0000 -0.1029
vn 0.2332 0.9563 -0.1766
s 0
usemtl rock
f 2961//529 2962//529 2963//529 2960//529
f 2961//530 2964//530 2965//530 2962//530
f 2962//531 2965//531 2968//531 2966//531
f 2963//532 2962//532 2966//532 2967//532
f 2999//533 2964//533 2961//533 2960//533
f 2971//534 2964//534 2999//534 2970//534
f 2965//535 2964//535 2971//535 2972//535
f 2977//536 2975//536 2978//536 2976//536
f 2977//537 2976//537 2979//537 2980//537
f 2977//538 2980//538 2975//538
f 2974//539 2980//540 2973//541
f 2981//542 2982//542 2983//542 2969//542
f 2983//543 2982//543 2984//543 2985//543
f 2985//544 2984//544 2986//544 2987//544
f 2989//545 2982//545 2981//545
f 2988//546 2989//546 2981//546
f 2989//547 2984//547 2982//547
f 2984//548 2989//549 2990//548
f 2991//550 2990//550 2994//550 2995//550
f 2988//551 2981//552 2993//553 2996//554
f 2989//555 2988//556 2992//557
f 2993//558 2981//559 2969//560
f 2969//560 2998//560 2993//561
f 2998//562 2997//562 2993//558
f 3000//563 3001//563 3003//563 3002//563
f 3001//564 3000//564 3004//564 3005//564
f 3005//565 3004//565 3006//565 3007//565
f 3005//566 3007//566 3009//566 3008//566
f 3001//567 3005//567 3008//567 3010//567
f 3003//568 3001//568 3010//568 3011//568
f 3009//569 3007//569 3012//569
f 3009//570 3012//570 3014//570 3013//570
f 3015//571 3011//571 3010//571 3008//571
f 3008//572 3009//572 3013//572 3015//572
f 3017//573 3016//573 3019//573 3018//573
f 3016//574 3020//574 3021//574 3019//574
f 3021//575 3020//575 3022//575 3023//575
f 2990//576 2989//555 2992//557 2994//576
f 2988//577 2996//578 2992//579
f 2992//580 2996//581 3025//582 3024//583
f 3025//584 3026//585 3024//586
f 3026//587 3025//588 3019//587
f 2996//589 2993//590 3025//591
f 2993//590 3019//592 3025//588
f 3019//593 3021//593 3026//593
f 3026//594 3023//595 3027//595
f 3027//595 3028//595 3026//594
f 3026//596 3021//595 3023//595
f 3026//597 3028//597 3029//597
f 2992//598 3024//599 3029//600
f 3024//601 3026//597 3029//597
f 2995//602 3031//602 3030//603
f 3030//604 2987//604 2995//604
f 2987//605 2986//606 2991//606
f 2995//604 2987//604 2991//604
f 3032//607 3034//607 3035//607 3033//607
f 3036//608 3032//609 3037//610
f 3034//611 3032//612 3036//613
f 3032//608 3038//608 3037//608
f 3039//614 3040//614 3041//614
f 3041//614 3042//614 3039//615
f 3042//616 3037//617 3038//618
f 3039//615 3042//615 3038//619
f 3040//620 3039//621 3038//622
f 3032//623 3033//624 3038//625
f 3033//626 3040//627 3038//625
f 3033//628 3035//628 3044//628 3043//628
f 3043//629 3044//629 3046//629 3045//629
f 3047//630 3035//630 3034//631
f 3034//632 3049//632 3047//632
f 3049//633 3048//634 3054//635 3047//636
f 3050//637 3034//638 3036//639
f 3051//640 3048//641 3049//642 3050//640
f 3050//643 3036//644 3052//643
f 3051//645 3052//645 3053//645
f 3051//645 3050//645 3052//645
f 3047//646 3055//646 3035//646
s 1
f 3063//647 3056//647 3057//647
f 3058//648 3059//648 3060//648
f 3061//649 3062//649 3063//649 3060//649
s 0
f 2991//548 2986//650 2990//548
f 2986//651 2984//652 2990//652
s 1
f 3066//653 3064//653 3065//653
f 3068//654 3066//654 3065//654 3069//654
f 3069//655 3067//655 3068//655
s 0
f 2974//539 2975//540 2980//540
f 3050//656 3049//656 3034//638
o doors
v 20.487793 -1.951171 7.731689
v 20.487793 1.914552 7.731689
v 22.634033 1.902344 6.731689
v 22.634033 -1.951172 6.731689
v 22.634033 -1.951172 6.951172
v 22.634033 1.902345 6.951172
v 20.560791 1.901368 7.902344
v 20.560791 -1.951171 7.902344
v 17.951172 -1.951172 6.707275
v 17.951172 1.902345 6.707275
v 20.024170 -1.951172 5.755859
v 20.024170 1.902344 5.755859
v 20.097412 -1.951172 5.926758
v 20.097412 1.914551 5.926758
v 17.951172 -1.951172 6.926758
v -7.024170 -5.073000 -26.048584
v -7.024178 -1.219468 -26.048506
v -27.219482 1.902341 -41.560791
v -4.890137 -1.219484 -25.060791
v -4.890137 -5.073000 -25.060791
v -4.963379 -1.231691 -24.877930
v -4.963379 -5.073000 -24.877930
v -4.963135 -5.073000 -24.877930
v -4.963135 -1.231691 -24.877930
v -7.024181 -1.231684 -25.829056
v -7.024170 -5.073000 -25.829102
v -2.344702 -1.183205 -26.062759
v -2.341309 -5.073000 -26.060791
v -2.341309 -5.073000 -25.853516
v 17.951172 1.902345 6.926758
v -2.341311 -1.195075 -25.853491
v -4.487793 -1.195070 -26.853516
v -4.487793 -5.073000 -26.853516
v -4.426758 -1.219484 -27.024170
v -4.426758 -5.073000 -27.024170
v -27.414551 -1.951175 -36.877930
v -26.426758 1.902341 -39.011963
v -26.426758 -1.951175 -39.011963
v -26.243896 -1.951175 -38.938965
v -26.243896 1.890134 -38.938965
v -27.195068 1.902341 -36.877930
v -27.195068 -1.951175 -36.877930
v -28.390137 -1.951175 -39.475586
v -27.426758 -1.951175 -41.560791
v -27.219482 -1.951175 -41.560791
v -28.219482 -1.951175 -39.414551
v -28.219482 1.926755 -39.414551
v -28.390137 1.902341 -39.475586
v -27.426758 1.902341 -41.560791
v 20.487793 1.914552 7.731445
v 20.487793 -1.951171 7.731445
v -27.414551 1.902341 -36.877930
vn -0.4223 -0.0000 -0.9064
vn 0.4170 -0.0000 0.9089
vn -0.3811 -0.0000 0.9245
vn -0.3602 -0.0000 0.9329
vn -0.4171 -0.0000 -0.9089
vn 0.9191 -0.0000 -0.3939
vn 0.4223 -0.0000 0.9064
vn 0.9283 -0.0000 0.3718
vn -0.4223 -0.0000 0.9065
vn 0.4200 -0.0000 -0.9075
vn -0.9416 -0.0000 -0.3368
vn -0.9075 -0.0000 -0.4201
vn 0.3707 -0.0000 -0.9287
vn 0.9080 -0.0000 0.4190
vn -0.9078 -0.0000 -0.4194
vn 0.9064 -0.0000 0.4223
vn -0.3368 -0.0000 0.9416
vn -0.9196 -0.0000 0.3928
vn 0.4193 -0.0000 -0.9078
vn -0.4190 -0.0000 0.9080
s 1
usemtl metal
f 3070//657 3071//657 3072//657 3073//657
f 3074//658 3075//658 3076//659 3077//660
f 3078//661 3079//661 3081//661 3080//661
f 3080//662 3081//662 3083//662 3082//662
f 3082//663 3083//663 3099//663 3084//663
f 3089//664 3088//664 3090//664 3091//664
f 3100//665 3101//665 3102//665 3098//665
f 3086//666 3088//666 3089//666 3085//666
f 3102//667 3101//667 3103//667 3104//667
f 3105//668 3121//668 3106//668 3107//668
f 3107//669 3106//669 3109//669 3108//669
f 3108//670 3109//670 3110//670 3111//670
f 3112//671 3117//671 3118//671 3113//671
f 3114//672 3087//672 3116//672 3115//672
f 3115//673 3116//673 3117//673 3112//673
f 3077//660 3076//659 3119//674 3120//674
f 3096//675 3097//675 3104//675 3103//675
f 3094//676 3095//676 3092//676 3093//676
o boxs_metal
v 30.048584 1.951169 -42.731689
v 31.976807 1.951169 -45.801270
v 30.466797 1.951169 -46.196533
v 30.071533 1.951169 -44.686279
v 33.951172 1.951168 -48.195068
v 35.511963 1.951168 -46.634033
v 30.048584 3.511960 -43.121826
v 31.609619 3.511960 -44.682861
v 31.609619 3.511960 -43.121826
v 30.048584 0.390134 -42.731689
v 30.048584 1.951169 -44.292480
v 30.048584 0.390134 -44.292480
v 31.609619 0.390134 -44.292480
v 31.609619 1.951169 -44.292480
v 31.609619 1.951169 -42.731689
v 31.609619 0.390134 -42.731689
v 30.466797 0.390134 -46.196533
v 30.071533 0.390134 -44.686279
v 31.581787 0.390134 -44.291260
v 31.976807 0.390134 -45.801514
v 31.581787 1.951169 -44.291016
v 33.951172 0.390133 -46.634033
v 33.951172 1.951168 -46.634033
v 33.951172 0.390133 -48.195068
v 35.511963 0.390133 -48.195068
v 35.511963 1.951168 -48.195068
v 35.511963 0.390133 -46.634033
v 30.048584 3.511960 -44.682861
v 31.609619 1.951169 -44.682861
v 30.048584 1.951169 -43.121826
v 30.048584 1.951169 -44.682861
v 31.609619 1.951169 -43.121826
v 35.902344 0.329099 -45.048828
v 37.463379 -1.182864 -45.438965
v 37.463379 0.329099 -45.048584
v 37.463379 -1.573001 -43.926758
v 37.463379 -0.060794 -43.536377
v 35.902344 -1.573001 -43.926758
v 35.902344 -1.182864 -45.438965
v 35.902344 -0.060794 -43.536377
v -35.902344 1.170650 -48.975586
v -34.341309 1.170650 -47.414551
v -28.097412 1.170650 -52.487793
v -18.731689 -1.951175 -46.243896
v -17.170654 -1.951176 -47.804688
v -17.170654 -2.731693 -47.024170
v -17.170654 -2.536381 -47.024170
v -15.609619 -2.536381 -48.585205
v -15.609619 -2.536381 -47.024170
v -35.902344 -1.951176 -47.414551
v -35.902344 -1.951176 -48.975586
v -34.341309 -1.951176 -48.975586
v -34.341309 -1.951176 -47.414551
v -35.902344 1.170650 -47.414551
v -34.341309 1.170650 -48.975586
v -28.097412 -1.951176 -50.926758
v -29.658447 1.170650 -50.926758
v -29.658447 -1.951176 -52.487793
v -28.097412 -1.951176 -52.487793
v -28.097412 1.170650 -50.926758
v -29.658447 1.170650 -52.487793
v -29.658447 -1.951176 -50.926758
v -18.731689 -3.511966 -46.243896
v -18.731689 -1.951176 -47.804688
v -18.731689 -3.511966 -47.804688
v -17.170654 -3.511966 -47.804688
v -17.170654 -1.951175 -46.243896
v -17.170654 -3.511966 -46.243896
v -17.170654 -4.146244 -45.463379
v -17.170654 -2.731692 -45.463379
v -15.609619 -2.731693 -47.024170
v -15.609619 -2.731692 -45.463379
v -15.609619 -4.146244 -45.463379
v -17.170654 -2.536381 -48.585205
v -17.170654 -4.146244 -48.585205
v -15.609619 -4.146244 -48.585205
v -28.097412 -0.390141 -49.365723
v -28.097412 -1.951176 -49.365723
v -28.097412 -0.390141 -50.926758
v -31.219482 -1.951176 -49.365723
v -31.219482 -0.390141 -49.365723
v -31.219482 -0.390141 -50.926758
v -31.219482 -1.951176 -50.926758
v -28.097412 -1.951176 -50.926758
v -35.313721 -0.390141 -55.780762
v -36.670898 -0.390141 -56.552002
v -37.442139 -0.390141 -55.194580
v -36.084961 -0.390141 -54.423340
v -36.084961 -1.951176 -54.423340
v -36.670898 -0.390141 -56.551758
v -35.313721 -0.390141 -55.780518
v -35.313721 -1.951176 -55.780518
v -36.670898 -1.951176 -56.551758
v -37.442139 -0.390141 -55.194824
v -37.442139 -1.951176 -55.194824
v -37.442139 -1.951176 -55.194580
v -36.670898 -1.951176 -56.552002
v 1.170654 -1.951175 -34.536377
v 1.170654 -1.951175 -36.097412
v 2.731689 -1.951175 -36.097412
v 2.731689 -1.951175 -34.536377
v 1.170654 -5.073000 -34.536377
v 1.170654 -5.073001 -36.097412
v 2.731689 -5.073001 -36.097412
v 2.731689 -5.073000 -34.536377
v -3.511963 -0.390137 6.048584
v -1.951172 -0.390137 6.048584
v -1.951172 -0.390136 7.609619
v -1.951172 -1.951171 7.609619
v -3.511963 -1.951171 7.609619
v -3.511963 -1.951172 6.048584
v -3.511963 -0.390136 7.609619
v -1.951172 -1.951172 6.048584
v -9.365723 1.170654 -0.195068
v -9.365723 1.170654 -1.755859
v -7.804688 1.170654 -1.755859
v -7.804688 1.170654 -0.195068
v -7.804688 -1.951172 -1.755859
v -7.804688 -1.951172 -0.195068
v -9.365723 -1.951172 -0.195068
vn 0.5774 0.5774 0.5774
vn 0.5774 0.5774 -0.5774
vn -0.5774 0.5774 -0.5774
vn -0.5774 0.5774 0.5774
vn 0.7047 0.5774 -0.4124
vn -0.4124 0.5774 -0.7047
vn -0.7047 0.5773 0.4124
vn 0.4124 0.5773 0.7047
vn -1.0000 -0.0000 -0.0000
vn 1.0000 -0.0000 -0.0000
vn -0.0000 -0.0000 1.0000
vn -0.0000 -0.0000 -1.0000
vn -0.5050 0.0001 -0.8631
vn 0.8630 -0.0000 -0.5052
vn -0.8631 -0.0001 0.5051
vn 0.5052 -0.0001 0.8630
vn -0.5774 -0.5774 0.5774
vn -0.5774 -0.5774 -0.5774
vn 0.5774 -0.5774 -0.5774
vn 0.5774 -0.5774 0.5774
vn 0.5773 0.4148 0.7033
vn 0.5774 0.7033 -0.4148
vn -0.0000 0.8613 -0.5081
vn -0.0000 0.5081 0.8613
vn 0.7071 0.1767 -0.6847
vn 0.7071 -0.1767 0.6846
vn -0.0000 -0.2500 0.9683
vn 0.0001 0.2499 -0.9683
vn -0.0000 0.7071 0.7071
vn -0.0000 0.7071 -0.7071
vn -0.5774 0.5773 0.5773
vn -0.0000 1.0000 -0.0000
vn -0.7071 -0.0000 0.7071
vn -0.6148 0.7071 -0.3493
vn 0.9641 -0.0000 -0.2654
vn 0.2654 -0.0000 0.9642
vn 0.4941 -0.0000 -0.8694
vn -0.4942 -0.0000 0.8694
vn -0.8695 -0.0000 -0.4940
vn 0.7071 0.7071 -0.0000
vn -0.7071 0.7071 -0.0000
vn -0.7071 -0.0000 -0.7071
vn 0.7071 -0.0000 -0.7071
s 1
usemtl metal
f 3136//677 3135//678 3132//679 3122//680
f 3123//681 3124//682 3125//683 3142//684
f 3127//677 3147//678 3126//679 3144//680
f 3130//677 3129//678 3149//679 3128//680
f 3131//685 3122//680 3132//679 3133//685
f 3134//686 3135//678 3136//677 3137//686
f 3137//687 3136//677 3122//680 3131//687
f 3133//688 3132//679 3135//678 3134//688
f 3138//689 3124//682 3123//681 3141//690
f 3139//691 3125//683 3124//682 3138//689
f 3142//684 3125//683 3139//691 3140//692
f 3141//690 3123//681 3142//684 3140//692
f 3143//685 3144//680 3126//679 3145//685
f 3146//686 3147//678 3127//677 3148//686
f 3148//687 3127//677 3144//680 3143//687
f 3145//688 3126//679 3147//678 3146//688
f 3151//693 3128//680 3149//679 3152//694
f 3150//695 3129//678 3130//677 3153//696
f 3153//696 3130//677 3128//680 3151//693
f 3152//694 3149//679 3129//678 3150//695
f 3150//695 3153//696 3151//693 3152//694
f 3158//697 3156//698 3154//699 3161//700
f 3155//701 3156//698 3158//697 3157//702
f 3157//702 3158//697 3161//700 3159//703
f 3160//704 3154//699 3156//698 3155//701
f 3163//677 3176//678 3162//679 3175//680
f 3181//705 3164//706 3182//679 3178//707
f 3188//677 3166//678 3185//679 3165//680
f 3193//708 3192//708 3167//708 3191//708
f 3170//708 3169//708 3195//708 3168//708
f 3174//687 3163//677 3175//680 3171//687
f 3171//685 3175//680 3162//679 3172//685
f 3172//688 3162//679 3176//678 3173//688
f 3179//688 3182//679 3164//706 3180//688
f 3173//686 3176//678 3163//677 3174//686
f 3184//685 3165//680 3185//679 3186//685
f 3187//686 3166//678 3188//677 3189//686
f 3189//687 3188//677 3165//680 3184//687
f 3186//688 3185//679 3166//678 3187//688
f 3170//687 3168//687 3167//687 3192//687
f 3194//687 3193//687 3191//687 3190//687
f 3196//688 3195//688 3169//688 3197//688
f 3181//705 3178//707 3183//709 3177//687
f 3178//707 3182//679 3179//685 3183//709
f 3200//706 3203//679 3202//680 3198//705
f 3201//685 3202//680 3203//679 3204//685
f 3204//688 3203//679 3200//706 3205//688
f 3202//680 3201//687 3199//687 3198//705
f 3206//708 3207//710 3208//710 3209//708
f 3213//711 3212//711 3209//712 3210//712
f 3211//713 3212//711 3213//711 3214//713
f 3210//712 3209//712 3215//714 3216//714
f 3217//715 3208//710 3207//710 3218//715
f 3222//716 3221//678 3220//679 3219//717
f 3224//718 3223//685 3219//717 3220//679
f 3221//678 3225//719 3224//718 3220//679
f 3225//719 3221//678 3222//716 3226//686
f 3229//677 3228//678 3227//679 3233//680
f 3231//685 3233//680 3227//679 3232//685
f 3234//686 3228//678 3229//677 3230//686
f 3230//687 3229//677 3233//680 3231//687
f 3232//688 3227//679 3228//678 3234//688
f 3238//677 3237//716 3236//708 3235//705
f 3240//687 3238//677 3235//705 3241//687
f 3239//686 3237//716 3238//677 3240//686
f 3169//686 3192//686 3197//686
f 3194//686 3192//686 3193//686
f 3167//685 3195//685 3196//685
f 3167//685 3190//685 3191//685
f 3169//686 3170//686 3192//686
f 3194//686 3197//686 3192//686
f 3167//685 3168//685 3195//685
f 3167//685 3196//685 3190//685
o ground_sand
v 43.707275 1.560787 -54.829102
v 43.707275 -1.560794 -42.341309
v 42.146240 -1.951175 -42.341309
v 42.146240 -1.951172 -4.877930
v 35.902344 -1.951173 -11.121826
v 17.170654 -1.951173 -11.121826
v 35.511963 1.158443 -54.438965
v 29.658447 1.170649 -61.072998
v 42.146240 -1.951173 -14.243896
v 43.707275 -1.560792 -14.243896
v 17.170654 -1.951173 -18.146240
v 28.302834 1.158443 -54.438965
v 43.707275 -1.560791 -4.877930
v 35.902344 -1.951173 -18.146240
v 48.390137 -0.390139 -28.292480
v 42.146240 1.170649 -61.072998
v 42.145996 1.170650 -54.829102
v 35.511963 1.170649 -61.072998
v 43.707275 1.560786 -61.072998
v 48.390137 -0.390140 -42.341309
v 43.707275 -1.560793 -28.292480
v 43.707275 -6.243896 7.609620
v 42.146240 -6.634033 7.609620
v -18.729626 1.170656 26.363810
v -28.877930 1.170654 20.097412
v -18.731689 1.951174 20.097412
v -18.731689 1.170656 29.463379
v -25.755859 1.170656 29.463379
v -29.658447 1.170656 19.316895
v -38.634033 1.170656 29.463379
v -29.658203 1.170654 17.365723
v -38.633789 1.170655 17.365723
v -29.268066 -1.951171 16.975586
v -29.268066 -1.951171 7.609619
v -39.024170 -1.951171 7.609619
v -32.780273 -1.158446 16.975586
v -32.780273 -1.951171 12.243896
v -39.024170 -1.951171 16.975586
v -49.951172 1.170656 29.463379
v -45.658447 1.170656 29.463379
v -49.951172 1.170656 25.951172
v -45.658447 1.170657 25.951172
v 17.951172 -4.877934 -42.341309
v 29.658447 -1.951175 -42.341309
v 29.658447 -1.658450 -44.682861
v 17.951172 -4.585227 -44.682865
v 17.170654 -5.073001 -42.341309
v 17.170654 -5.073002 -47.804688
v 3.902344 -5.073001 -42.341309
v 3.902344 -5.073002 -47.804688
v -1.560791 -5.073001 -36.097412
v -1.560791 -5.073000 -34.536377
v 7.036377 -5.073001 -36.097412
v 7.036377 -5.073000 -34.536377
v -7.804688 -5.073003 -36.097412
v -10.146240 -5.073001 -36.097412
v -7.804688 -5.073000 -33.755859
v -23.414551 -1.951176 -42.341064
v -26.536377 -1.950931 -42.341309
v -23.414551 -1.155100 -48.568016
v -26.536377 -1.154856 -48.568260
v -14.048584 -5.073001 -42.341309
v -14.048584 -3.876053 -51.703915
v -1.560791 -5.073002 -42.341309
v -1.560791 -3.876053 -51.703915
v -20.292480 -1.024175 -57.951172
v -37.463379 -1.951177 -42.341309
v -37.463379 -1.951175 -45.463379
v -46.829102 -1.951175 -42.341309
v -46.829102 -1.951174 -45.463379
v 43.707275 -6.243895 13.072998
v 43.707275 -6.243896 7.609620
v 42.146240 -6.634033 7.609050
v 42.146240 -6.634032 13.072999
v -28.097412 -1.951175 -36.097412
v -34.341431 -1.951175 -36.097412
v -29.658447 -1.951175 -31.414551
v -28.097412 -1.951175 -31.414551
v -34.341309 -1.951175 -26.731689
v -38.634033 -1.951175 -29.853516
v -37.463379 -1.951175 -28.682861
v -34.341309 -1.951174 -25.170654
v -37.463379 -1.951174 -25.170654
v -46.829102 -1.951175 -29.853516
v -46.829102 -1.951175 -36.097412
v -28.097412 -1.609623 -56.390137
v -30.524414 -1.951176 -56.390137
v -30.524414 -1.951176 -48.585205
v -28.097412 -1.951175 -45.536377
v -28.097412 -1.609623 -48.304688
v -30.524170 -1.951175 -45.536377
v -31.219482 -1.951175 -42.341309
v -28.097412 -1.951175 -42.341309
v -31.219482 -1.951176 -56.390137
v -7.804688 1.170657 35.707275
v -49.951172 1.170657 35.707031
v -49.951172 1.951175 38.829102
v -7.817139 1.951175 38.829102
v 1.560791 -0.390134 38.829102
v 1.560791 -0.780515 37.268066
v 3.121826 -1.560788 35.707275
v 0.000000 0.000003 38.829102
v 17.170654 -1.951170 29.463379
v -10.926758 -1.951170 29.463379
v 1.557861 -1.951173 -18.932861
v 10.926758 -1.951174 -25.170654
v 17.170654 -1.951174 -18.932861
v 10.926758 -1.951174 -29.853516
v 17.170654 -1.951174 -29.853516
v -1.560791 -1.951174 -25.170654
v -10.926758 -1.951171 7.609619
v 15.609375 -1.951173 -0.201172
v -1.560791 -1.951172 7.609619
v 17.170654 -1.951172 7.603516
v 1.557861 -1.951172 -0.201172
v 4.682861 -1.951170 29.463379
vn -0.2391 0.9562 0.1687
vn -0.2426 0.9701 -0.0000
vn -0.2387 0.9546 0.1782
vn -0.2408 0.9633 0.1187
vn -0.2405 0.9620 0.1292
vn -0.2407 0.9630 0.1209
vn -0.2409 0.9635 0.1164
vn -0.2425 0.9701 -0.0000
vn -0.2412 0.9647 0.1058
vn -0.2424 0.9702 -0.0000
vn -0.0000 1.0000 0.0018
vn -0.0103 0.9999 0.0010
vn -0.0076 1.0000 0.0014
vn -0.2279 0.9117 0.3419
vn -0.0108 0.9998 0.0175
vn -0.0248 0.9989 0.0401
vn -0.0761 0.9895 0.1233
vn -0.0000 1.0000 -0.0000
vn -0.1242 0.9786 -0.1640
vn -0.2408 0.9631 0.1204
vn 0.6445 0.7587 0.0948
vn 0.5842 0.8053 0.1007
vn 0.0001 0.9919 0.1268
vn 0.3139 0.9418 0.1204
vn -0.0000 0.9919 0.1268
vn 0.3131 0.9425 0.1173
vn -0.1586 0.6344 -0.7565
vn -0.2425 0.9702 -0.0000
vn -0.1157 0.4628 -0.8789
vn -0.0000 0.9981 0.0613
vn -0.1078 0.9938 0.0281
vn -0.0161 0.9997 0.0167
vn -0.0698 0.9976 -0.0000
vn -0.1394 0.9902 -0.0000
vn 0.2357 0.9428 -0.2358
vn -0.0000 0.9701 -0.2425
vn 0.1161 0.9636 -0.2407
vn 0.1211 0.9631 -0.2406
vn 0.2356 0.9429 -0.2353
vn 0.0003 1.0000 -0.0009
vn -0.0006 1.0000 -0.0005
vn -0.0010 1.0000 -0.0012
s 1
usemtl sand
f 3254//720 3251//721 3250//721 3245//722
f 3243//723 3242//724 3258//725 3244//726
f 3251//721 3243//723 3244//726 3250//721
f 3256//727 3261//728 3243//723 3262//727
f 3260//729 3257//729 3258//725 3242//724
f 3243//723 3261//728 3242//724
f 3249//730 3253//730 3248//731 3259//732
f 3263//733 3254//720 3245//722 3264//733
f 3266//734 3265//735 3267//736
f 3265//735 3266//734 3269//737 3268//737
f 3266//734 3270//737 3271//737
f 3269//737 3266//734 3271//737
f 3271//737 3270//737 3272//737 3273//737
f 3274//737 3275//737 3276//737 3279//737
f 3277//738 3278//738 3279//738
s 0
f 3280//737 3281//737 3283//737 3282//737
s 1
f 3247//737 3246//737 3255//737 3252//737
f 3286//739 3287//740 3284//741 3285//739
f 3288//737 3289//737 3291//737 3290//737
s 0
f 3292//737 3293//737 3295//737 3294//737
f 3297//737 3298//737 3296//737
f 3299//742 3301//742 3302//742 3300//742
f 3301//743 3299//743 3303//743 3304//743
f 3304//744 3303//744 3305//744 3306//744
f 3301//745 3304//745 3307//745
f 3308//737 3309//737 3311//737 3310//737
s 1
f 3312//746 3313//747 3314//747 3315//748
s 0
f 3322//737 3320//737 3318//737
f 3319//737 3316//737 3318//737
f 3316//737 3317//737 3318//737
f 3320//737 3322//737 3324//737 3323//737
f 3318//737 3317//737 3322//737
f 3317//737 3326//737 3325//737 3321//737
f 3321//737 3322//737 3317//737
s 1
f 3330//749 3331//750 3332//751
f 3332//751 3331//750 3329//752
f 3331//750 3327//753 3328//752 3329//752
f 3334//737 3330//749 3332//751 3333//737
f 3335//737 3333//737 3332//751 3329//752
f 3329//752 3328//752 3335//737
f 3340//754 3341//754 3343//754
f 3337//755 3338//755 3339//756 3336//757
f 3342//758 3336//757 3339//756 3343//758
s 0
f 3348//737 3350//737 3347//737
f 3350//737 3349//737 3347//737
f 3346//737 3347//737 3351//737
s 1
f 3354//737 3345//759 3357//760
f 3356//737 3354//737 3355//737
s 0
f 3346//737 3348//737 3347//737
s 1
f 3355//737 3353//737 3356//737
f 3354//737 3352//737 3345//759
s 0
f 3356//737 3346//737 3351//737
f 3356//737 3351//737 3354//737
s 1
f 3344//761 3355//737 3357//760
f 3355//737 3354//737 3357//760
o main.002
v 22.634033 -1.951170 27.902344
v 17.951172 -1.951170 27.902344
v 22.634033 1.951174 27.902344
v 17.951172 1.951174 27.902344
v 41.365723 1.170649 -66.341309
v 36.682861 1.170649 -66.341309
v 41.365723 5.072993 -66.341309
v 36.682861 5.072992 -66.341309
vn -0.0000 -0.0000 -1.0000
vn -0.0000 -0.0000 1.0000
s 0
usemtl metal
f 3358//762 3359//762 3361//762 3360//762
f 3362//763 3364//763 3365//763 3363//763
o poles.001
v 0.000000 -0.390140 -41.560799
v 0.000000 -1.170703 -41.560799
l 3367 3366
o z_nobeams
v -24.975586 -1.170655 -22.048584
v -21.853516 -1.170657 -23.609619
v -21.853516 -1.170656 -22.048584
v -21.853516 -3.121828 -22.048584
v -21.853516 -3.121828 -23.609619
v -24.975586 -3.121827 -22.048584
v -0.780273 -2.731692 -40.000000
v 1.560791 -2.731692 -40.000000
v 1.560791 -2.731692 -42.341309
v -0.780273 -2.731692 -42.341309
v 5.463379 -2.731693 -43.902344
v 7.024170 -2.731692 -42.341309
v 5.463379 -2.731692 -40.780273
v 3.902344 -2.731692 -42.341309
v -24.975586 0.390136 -17.365723
v -24.975586 0.390136 -15.804688
v -28.097412 0.390136 -15.804688
v -28.097412 0.390136 -17.365723
v -0.780273 -0.390140 -42.341309
v 1.560791 -0.390140 -42.341309
v 1.560791 -0.390140 -40.000000
v -0.780273 -0.390140 -40.000000
v 3.902344 -0.390140 -42.341309
v 5.463379 -0.390140 -40.780273
v 7.024170 -0.390140 -42.341309
v 5.463379 -0.390140 -43.902344
v -28.139135 2.731688 -17.365723
v -28.139135 2.731688 -15.762965
v -24.933863 2.731688 -15.762965
v -24.933863 2.731688 -17.365723
v -17.170654 -2.341314 -19.707275
v -17.170654 -2.341312 -17.365723
v -14.829102 -2.341312 -19.707275
v -14.829102 -2.341311 -17.365723
v -48.390137 1.951171 -17.365723
v -14.829102 -1.170655 -17.365723
v -14.829102 -1.170656 -19.707275
v -17.170654 -1.170655 -17.365723
v -17.170654 -1.170657 -19.707275
v -45.268066 1.951170 -17.365723
v -45.268066 1.951168 -20.487793
v -48.390137 2.731689 -17.293207
v -45.195553 2.731688 -17.293207
v -45.195553 2.731686 -20.487793
v 23.414551 0.390137 -2.926758
v 21.072998 0.390137 -2.926758
v 21.072998 0.390137 -0.585205
v 23.414551 0.390137 -0.585205
v 23.414551 2.731689 -2.926758
v 21.072998 2.731689 -2.926758
v 21.072998 2.731689 -0.585205
v 23.414551 2.731689 -0.585205
v 2.731689 -1.951175 -34.536377
v 2.731689 -1.951175 -36.097412
v 1.170654 -1.951175 -36.097412
v 1.170654 -1.951175 -34.536377
v 2.752710 -0.390140 -34.536377
v 1.149633 -0.390140 -34.536377
v 1.149633 -0.390140 -36.118431
v 2.752710 -0.390140 -36.118431
v -7.804688 -0.390136 18.536377
v -6.243896 -0.390136 18.536377
v -6.243896 -0.390136 15.414551
v -7.804688 1.170655 18.536377
v -6.243896 1.170655 18.536377
v -6.243896 1.170655 15.414551
v -7.804688 -0.390136 15.414551
v -7.804688 1.170655 15.414551
vn -0.0000 -0.0000 1.0000
vn 1.0000 -0.0000 -0.0000
vn -0.7071 -0.0000 0.7071
vn 0.7072 -0.0000 0.7071
vn -1.0000 -0.0000 -0.0000
vn 0.9998 -0.0178 -0.0000
vn -0.9998 -0.0178 -0.0000
vn 0.7072 -0.0000 -0.7071
vn -0.0000 -0.0178 0.9998
vn -0.0000 -0.0000 -1.0000
vn 0.9957 -0.0925 -0.0000
vn -0.0000 -0.0925 0.9957
vn -0.9999 -0.0135 -0.0000
vn -0.0000 -0.0135 -0.9999
vn 0.9999 -0.0135 -0.0000
s 0
usemtl metal_nobeams
f 3373//764 3371//764 3370//764 3368//764
f 3371//765 3372//765 3369//765 3370//765
f 3381//766 3380//766 3391//766 3390//766
f 3380//767 3379//767 3392//767 3391//767
f 3377//768 3374//768 3389//768 3386//768
f 3375//765 3376//765 3387//765 3388//765
f 3374//764 3375//764 3388//764 3389//764
f 3396//769 3383//769 3382//769 3397//769
f 3394//770 3385//770 3384//770 3395//770
f 3379//771 3378//771 3393//771 3392//771
f 3395//772 3384//772 3383//772 3396//772
f 3401//765 3400//765 3404//765 3403//765
f 3400//773 3398//773 3406//773 3404//773
f 3398//768 3399//768 3405//768 3406//768
f 3410//774 3407//774 3408//774 3411//774
f 3409//775 3402//775 3407//775 3410//775
f 3414//764 3415//764 3419//764 3418//764
f 3413//768 3414//768 3418//768 3417//768
f 3412//773 3413//773 3417//773 3416//773
f 3426//776 3422//776 3423//776 3425//776
f 3427//777 3421//777 3422//777 3426//777
f 3424//778 3420//778 3421//778 3427//778
f 3429//765 3430//765 3433//765 3432//765
f 3428//764 3429//764 3432//764 3431//764
f 3433//773 3430//773 3434//773 3435//773
o main.003
v -28.097408 1.681508 -52.588688
v -28.097412 2.743892 -52.487793
v -28.097412 3.521725 -50.919434
v -28.097412 2.745113 -49.560059
v -28.097414 1.187769 -50.002357
v -26.536377 2.743892 -52.487793
v -26.536377 2.745113 -49.560059
v -28.097412 3.524167 -48.585205
v -28.097412 3.511959 -54.048584
v -28.097412 0.243440 -48.585205
v -28.097412 1.077266 -54.048828
v -28.097412 -1.951175 -48.585205
v -28.097412 -1.951175 -54.048828
v -26.536377 1.077266 -54.048828
v -26.536377 1.077266 -48.585205
v -26.536377 3.511959 -54.048584
v -26.536377 3.524167 -48.585205
v -26.536377 1.560787 -50.146240
v -26.536377 3.521725 -50.919434
v -26.536377 1.951168 -52.085205
v -26.536377 -1.951175 -48.585205
v -26.536377 -1.951175 -54.048828
vn -0.0848 0.3500 -0.9329
vn -0.0000 -0.8959 0.4443
vn -0.0000 -0.8683 -0.4961
vn -0.1705 0.1582 0.9726
vn -1.0000 -0.0000 -0.0000
vn 1.0000 -0.0000 -0.0000
vn -0.2187 0.9577 0.1871
s 0
usemtl rock
f 3439//779 3442//779 3453//779 3440//779
f 3437//780 3441//780 3454//780 3438//780
f 3438//781 3454//781 3442//781 3439//781
f 3436//782 3455//782 3441//782 3437//782
f 3439//783 3443//783 3438//783
f 3438//783 3444//783 3437//783
f 3446//783 3440//783 3436//783
f 3436//783 3444//783 3446//783
f 3445//783 3439//783 3440//783
f 3445//783 3446//783 3448//783 3447//783
f 3454//784 3441//784 3451//784
f 3449//784 3453//784 3450//784
f 3449//784 3441//784 3455//784
f 3442//784 3450//784 3453//784
f 3442//784 3454//784 3452//784
f 3450//784 3456//784 3457//784 3449//784
f 3436//785 3440//785 3453//785 3455//785
f 3446//783 3445//783 3440//783
f 3436//783 3437//783 3444//783
f 3445//783 3443//783 3439//783
f 3449//784 3455//784 3453//784
f 3449//784 3451//784 3441//784
f 3442//784 3452//784 3450//784
